full_name,url,language,stars,created_at,days_inactive,lot,code_churn_normalized,pr_merge_time_median_h,issues_resolution_time_h,active_contributors,bus_factor_ratio,pr_count_merged,comment_per_pr_avg,closed_issues,review_cycle_count,has_ci,ci_success_rate,has_tests,weighted_experience,commit_velocity_trend,release_regularity,weekend_commit_ratio,dependency_count,language_diversity,avg_file_size_loc,total_commits,net_loc,churn_loc,active_days,churn_hours,cycle_time_hours,cocomo_pm,cocomo_hours,effort_target,reliability_score
avelino/awesome-go,https://github.com/avelino/awesome-go,Go,170874,2014-07-06T13:42:15Z,1,3,160.06,0.3088888888888889,33.933055555555555,431,0.0912,63,0.0,1,1.0,1,0.22,0,14.392,0.9965,0.0,0.23,0,0.0,0.0,2523,126150,201840,1261,13456.0,133.1,385.61,61696.8,19107.3,84.0
ollama/ollama,https://github.com/ollama/ollama,Go,169879,2023-06-26T19:39:32Z,0,3,160.0,1.4068055555555556,7.723333333333334,455,0.2498,74,0.0,1,1.0,1,0.46,0,13.896,-0.1573,1.8,0.07,0,0.3529,0.0,5160,258000,412800,2580,27520.0,640.1,817.36,130777.2,40107.5,82.5
golang/go,https://github.com/golang/go,Go,133626,2014-08-19T04:33:40Z,0,3,160.0,0.0,5.999861111111111,381,0.1284,0,0.0,1,0.0,1,0.087,1,14.207,0.3951,0.0,0.01,0,0.1005,0.0,58902,2945100,4712160,29451,314144.0,0.0,10538.2,1686111.4,494294.3,88.7
kubernetes/kubernetes,https://github.com/kubernetes/kubernetes,Go,121898,2014-06-06T22:56:04Z,0,3,160.0,2.3833333333333333,10.20111111111111,347,0.2948,71,0.0,1,4.0,1,0.62,1,11.096,-12.6014,10.48,0.0,0,0.025,0.0,90903,4545150,7272240,45451,484816.0,827.0,16620.22,2659235.8,774503.3,87.1
fatedier/frp,https://github.com/fatedier/frp,Go,106068,2015-12-21T15:24:59Z,10,3,160.11,0.4915277777777778,418.9313888888889,125,0.8394,38,0.0,1,1.0,1,0.98,1,11.873,-0.1434,24.43,0.26,0,0.1965,0.0,1407,70350,112560,703,7504.0,61.4,250.62,40099.6,11790.3,80.8
gin-gonic/gin,https://github.com/gin-gonic/gin,Go,88370,2014-06-16T23:57:25Z,1,3,160.09,30.020138888888887,742.5740277777777,439,0.2555,58,0.0,1,1.0,1,0.9,0,14.361,-0.4406,142.39,0.47,0,0.0045,0.0,1773,88650,141840,886,9456.0,13178.8,266.24,42598.5,17201.3,82.4
gohugoio/hugo,https://github.com/gohugoio/hugo,Go,87750,2013-07-04T15:26:26Z,0,3,160.02,14.227777777777778,11.524166666666666,416,0.6656,55,0.0,1,1.0,1,0.94,0,14.968,0.2483,10.39,0.19,0,0.0532,0.0,8553,427650,684240,4276,45616.0,5918.8,1389.49,222317.7,69047.2,78.3
syncthing/syncthing,https://github.com/syncthing/syncthing,Go,83039,2013-11-26T09:48:21Z,0,3,160.0,6.546944444444445,4.07,339,0.5757,57,0.0,1,1.0,1,0.9,1,15.049,0.1259,8.53,0.13,0,0.1547,0.0,7898,394900,631840,3949,42122.7,2219.4,1277.98,204476.2,62622.4,84.2
junegunn/fzf,https://github.com/junegunn/fzf,Go,79762,2013-10-23T16:04:23Z,3,3,160.05,3.3533333333333335,41.794444444444444,307,0.8381,60,0.0,1,2.0,1,0.44,1,14.657,0.0594,20.48,0.6,0,0.3427,0.0,3477,173850,278160,1738,18544.0,1029.5,648.0,103680.2,30316.9,81.4
jesseduffield/lazygit,https://github.com/jesseduffield/lazygit,Go,76969,2018-05-19T00:53:06Z,2,3,160.0,17.07,14.956944444444444,357,0.4618,70,0.0,1,3.0,1,0.12,1,12.626,1.8217,23.14,0.03,0,0.0045,0.0,6942,347100,555360,3471,37024.0,6094.0,1116.06,178570.0,56054.2,85.2
caddyserver/caddy,https://github.com/caddyserver/caddy,Go,71807,2015-01-13T19:45:03Z,0,3,160.0,7.679444444444444,28.53527777777778,366,0.4754,87,0.0,1,1.0,1,0.54,0,13.868,-0.7832,0.0,0.13,0,0.0206,0.0,2476,123800,198080,1238,13205.3,2810.7,378.07,60490.6,19544.0,80.2
moby/moby,https://github.com/moby/moby,Go,71487,2013-01-18T18:10:57Z,0,3,160.0,55.58861111111111,29.786944444444444,394,0.2627,67,0.0,1,1.0,1,0.38,0,14.322,1.3601,6.89,0.06,0,0.027,0.0,47112,2355600,3768960,23556,251264.0,21901.9,8335.24,1333637.6,398930.1,82.4
nektos/act,https://github.com/nektos/act,Go,70013,2019-01-02T19:53:43Z,6,3,160.21,10.982777777777779,40.78930555555556,199,0.3113,79,0.0,1,1.0,1,0.46,0,9.711,0.0455,16.14,0.25,0,0.1852,0.0,755,37750,60400,377,4026.7,2185.6,108.64,17381.8,6145.4,77.7
base/node,https://github.com/base/node,Go,68613,2023-02-01T13:55:02Z,0,3,160.0,3.002222222222222,750.10375,75,0.2216,63,0.0,1,1.0,1,0.94,0,10.275,0.0874,16.16,0.03,0,0.4269,0.0,176,8800,14080,88,938.7,225.2,23.55,3767.4,1290.4,70.4
prometheus/prometheus,https://github.com/prometheus/prometheus,Go,63756,2012-11-24T11:14:12Z,0,3,160.01,1.9508333333333334,29.22277777777778,349,0.1263,81,0.0,1,1.5,1,0.74,0,12.309,-2.1154,9.94,0.01,0,0.1265,0.0,13305,665250,1064400,6652,70960.0,680.8,2209.76,353561.8,106396.6,83.7
traefik/traefik,https://github.com/traefik/traefik,Go,62853,2015-09-13T19:04:02Z,0,3,160.03,14.862222222222222,97.77583333333334,417,0.2445,90,0.0,1,1.0,1,0.8,0,13.44,0.4196,6.15,0.0,0,0.0767,0.0,5243,262150,419440,2621,27962.7,6197.5,831.17,132986.8,42438.0,82.6
minio/minio,https://github.com/minio/minio,Go,60792,2015-01-14T19:23:58Z,70,3,160.0,0.9033333333333333,2.7594444444444446,409,0.4395,15,0.0,1,1.0,1,0.84,0,14.65,-0.0315,11.87,0.21,0,0.0104,0.0,9882,494100,790560,4941,52704.0,369.5,1617.03,258724.1,78207.7,74.8
usememos/memos,https://github.com/usememos/memos,Go,59147,2021-12-08T15:30:18Z,0,3,160.04,0.7577777777777778,83.27277777777778,348,0.6101,47,0.0,1,1.0,1,0.94,0,8.164,-0.0769,18.77,0.22,0,0.4425,0.0,4129,206450,330320,2064,22021.3,263.7,646.8,103487.3,31787.2,78.9
pocketbase/pocketbase,https://github.com/pocketbase/pocketbase,Go,57881,2022-07-05T06:06:21Z,0,3,160.07,0.9845833333333334,0.6794444444444445,44,0.9754,32,0.0,1,0.0,1,0.96,1,11.735,1.3007,5.79,0.35,0,0.31,0.0,2235,111750,178800,1117,11920.0,43.3,407.43,65188.7,19010.7,80.2
rclone/rclone,https://github.com/rclone/rclone,Go,56829,2014-03-16T16:19:57Z,0,3,160.02,19.478055555555557,169.6988888888889,409,0.6942,16,0.0,1,1.0,1,0.9,0,14.666,-0.3392,23.47,0.13,0,0.0209,0.0,8861,443050,708880,4430,47258.7,7966.5,1442.07,230731.3,72165.6,78.1
go-gitea/gitea,https://github.com/go-gitea/gitea,Go,55086,2016-11-01T02:13:26Z,0,3,160.0,5.228055555555556,3.1013888888888888,396,0.1411,94,0.0,1,2.0,1,0.88,1,13.838,1.2832,11.55,0.23,108,0.1797,0.0,18676,933800,1494080,9338,99605.3,2070.3,3154.84,504774.9,151378.7,88.6
wagoodman/dive,https://github.com/wagoodman/dive,Go,53822,2018-05-13T15:44:01Z,130,3,160.0,27.513333333333332,293.16791666666666,58,0.7075,85,0.0,1,0.0,1,0.92,0,14.473,0.0,185.56,0.08,0,0.0063,0.0,482,24100,38560,241,2570.7,1595.8,81.38,13020.6,4368.2,59.3
etcd-io/etcd,https://github.com/etcd-io/etcd,Go,51628,2013-07-06T21:57:21Z,0,3,160.0,29.95638888888889,318.0602777777778,374,0.2071,77,0.0,1,1.0,1,0.46,1,11.934,-0.958,17.21,0.17,0,0.0416,0.0,21140,1057000,1691200,10570,112746.7,11203.7,3593.27,574923.4,174719.1,87.9
ethereum/go-ethereum,https://github.com/ethereum/go-ethereum,Go,50996,2013-12-26T13:05:46Z,0,3,160.0,13.404583333333335,115.475,443,0.2579,56,0.0,1,2.0,1,0.8,1,14.715,0.4196,19.48,0.07,0,0.1644,0.0,15318,765900,1225440,7659,81696.0,5938.2,2562.08,409932.1,124615.9,87.4
jesseduffield/lazydocker,https://github.com/jesseduffield/lazydocker,Go,50783,2019-05-18T08:53:50Z,5,3,160.19,11.075416666666666,257.1175,77,0.6311,80,0.0,1,1.0,1,0.8,1,11.633,0.2797,109.09,0.53,0,0.0158,0.0,835,41750,66800,417,4453.3,852.8,120.75,19320.6,6346.6,80.8
AlistGo/alist,https://github.com/AlistGo/alist,Go,49353,2020-12-23T17:40:29Z,3,3,160.07,8.009166666666667,193.39916666666667,178,0.6613,53,0.0,1,2.0,1,0.78,0,8.009,0.2238,18.23,0.33,0,0.0049,0.0,2167,108350,173360,1083,11557.3,1425.6,328.69,52589.8,16724.3,78.1
hashicorp/terraform,https://github.com/hashicorp/terraform,Go,48241,2014-03-13T22:25:48Z,0,3,160.01,4.600555555555555,26.302222222222223,349,0.1367,94,0.0,1,1.0,1,0.8,0,17.226,-3.2587,7.89,0.0,0,0.0032,0.0,30185,1509250,2414800,15092,160986.7,1605.6,5222.89,835661.6,248107.4,83.6
gogs/gogs,https://github.com/gogs/gogs,Go,47489,2014-02-12T01:57:08Z,0,3,160.03,24.769583333333333,60.024166666666666,406,0.7014,56,0.0,1,1.0,1,0.6,0,13.224,-2.5105,131.99,0.62,0,0.263,0.0,5643,282150,451440,2821,30096.0,10056.5,1077.45,172391.8,52543.3,78.0
v2ray/v2ray-core,https://github.com/v2ray/v2ray-core,Go,46842,2015-09-04T11:42:53Z,0,3,160.03,3.566666666666667,3023.0068055555557,81,0.7795,61,0.0,1,0.0,1,0.56,0,9.51,0.0,26.02,0.32,0,0.0251,0.0,5307,265350,424560,2653,28304.0,288.9,1010.19,161630.2,46564.7,77.2
coreybutler/nvm-windows,https://github.com/coreybutler/nvm-windows,Go,46087,2014-09-20T16:37:28Z,7,3,160.0,266.91277777777776,774.1055555555556,75,0.7965,51,0.0,1,1.0,1,1.0,0,14.624,-0.0699,253.55,0.17,0,0.2771,0.0,516,25800,41280,258,2752.0,20018.5,87.42,13986.6,10178.9,69.2
mudler/LocalAI,https://github.com/mudler/LocalAI,Go,45777,2023-03-18T22:58:02Z,0,3,160.0,1.2152777777777777,10.671388888888888,187,0.5963,64,0.0,1,1.0,1,0.98,1,9.836,2.2832,10.09,0.24,0,0.3257,0.0,5284,264200,422720,2642,28181.3,227.3,837.99,134079.0,40974.6,84.0
cli/cli,https://github.com/cli/cli,Go,44024,2019-10-03T15:24:53Z,0,3,160.02,24.14638888888889,3.930277777777778,382,0.2125,87,0.0,1,1.0,1,0.88,1,14.292,1.479,8.79,0.01,0,0.004,0.0,9697,484850,775760,4848,51717.3,9223.9,1585.25,253640.7,79354.0,87.9
milvus-io/milvus,https://github.com/milvus-io/milvus,Go,43961,2019-09-16T06:43:43Z,0,3,160.0,4.829722222222222,36.93902777777778,310,0.075,65,0.0,1,1.0,1,0.28,1,8.507,2.8287,6.99,0.02,0,0.4028,0.0,22782,1139100,1822560,11391,121504.0,1497.2,3886.88,621900.9,185581.3,89.2
spf13/cobra,https://github.com/spf13/cobra,Go,43763,2013-09-03T20:40:26Z,8,3,160.16,7.445,49.185,305,0.1552,55,0.0,1,1.0,1,0.7,0,12.292,0.0629,97.7,0.35,0,0.0019,0.0,1031,51550,82480,515,5498.7,2270.7,150.68,24108.6,8252.3,82.8
charmbracelet/bubbletea,https://github.com/charmbracelet/bubbletea,Go,41815,2020-01-10T21:04:03Z,1,3,160.09,2.3344444444444443,349.92569444444445,145,0.4333,56,0.0,1,1.0,1,0.76,0,14.628,-0.0944,25.13,0.09,0,0.0,0.0,1747,87350,139760,873,9317.3,338.5,262.14,41942.8,13148.8,80.6
danielmiessler/Fabric,https://github.com/danielmiessler/Fabric,Go,41020,2024-01-03T23:18:31Z,1,3,160.05,13.52125,17.64763888888889,219,0.3535,58,0.0,1,1.0,1,0.88,0,14.1,-1.8636,2.86,0.14,0,0.2871,0.0,3185,159250,254800,1592,16986.7,2961.2,492.49,78797.9,25141.3,81.4
pingcap/tidb,https://github.com/pingcap/tidb,Go,40020,2015-09-06T04:01:52Z,0,3,160.0,1.2652777777777777,50.88458333333333,392,0.0574,83,0.0,1,3.0,1,0.9,1,12.893,0.8077,22.37,0.11,0,0.0582,0.0,26504,1325200,2120320,13252,141354.7,496.0,4556.24,728998.6,216625.9,89.4
evanw/esbuild,https://github.com/evanw/esbuild,Go,39861,2016-06-14T16:08:50Z,21,3,160.0,15.28361111111111,104.01305555555555,119,0.9577,56,0.0,1,1.0,1,0.94,0,15.57,-0.0944,19.41,0.25,0,0.2475,0.0,4420,221000,353600,2210,23573.3,1818.7,833.69,133390.3,39010.3,73.7
go-gorm/gorm,https://github.com/go-gorm/gorm,Go,39706,2013-10-25T08:31:38Z,32,3,160.06,12.725277777777778,720.1322222222223,421,0.7058,67,0.0,1,1.5,1,1.0,1,17.395,0.028,447.92,0.27,0,0.0013,0.0,2689,134450,215120,1344,14341.3,5357.3,494.74,79159.2,24609.7,80.3
gofiber/fiber,https://github.com/gofiber/fiber,Go,39640,2020-01-16T03:59:20Z,0,3,160.04,0.5344444444444445,46.73416666666667,404,0.3439,25,0.0,1,1.0,1,0.8,0,10.824,-2.0734,41.75,0.26,0,0.001,0.0,4155,207750,332400,2077,22160.0,215.9,651.07,104171.6,31979.1,81.6
photoprism/photoprism,https://github.com/photoprism/photoprism,Go,39569,2018-01-27T12:00:15Z,0,3,160.0,14.398055555555555,229.13416666666666,183,0.7985,74,0.0,1,1.5,1,1.0,0,15.024,-2.1224,51.09,0.34,2,0.2021,0.0,12510,625500,1000800,6255,66720.0,2634.8,2485.6,397695.9,113689.6,77.0
istio/istio,https://github.com/istio/istio,Go,38148,2016-11-18T23:57:21Z,0,3,160.01,1.1677777777777778,57.33097222222222,366,0.1741,78,0.0,1,1.0,1,1.0,1,11.848,1.3846,8.59,0.09,0,0.0195,0.0,22985,1149250,1838800,11492,122586.7,427.4,3923.25,627720.7,186965.7,88.3
XTLS/Xray-core,https://github.com/XTLS/Xray-core,Go,37773,2020-11-09T11:23:10Z,0,3,160.0,29.721944444444443,2.330277777777778,209,0.2943,69,0.0,1,1.0,1,0.88,0,7.569,0.4196,15.03,0.38,0,0.003,0.0,1376,68800,110080,688,7338.7,6211.9,204.02,32643.7,12061.7,82.1
juanfont/headscale,https://github.com/juanfont/headscale,Go,37741,2020-06-21T09:21:05Z,1,3,160.04,19.54111111111111,64.9713888888889,226,0.5125,90,0.0,1,1.0,1,0.38,0,16.162,0.5175,29.48,0.08,0,0.0161,0.0,3889,194450,311120,1944,20741.3,4416.3,607.38,97180.6,31131.7,79.8
docker/compose,https://github.com/docker/compose,Go,37315,2013-12-09T11:40:58Z,1,3,160.03,5.426527777777778,46.431666666666665,246,0.2883,72,0.0,1,2.0,1,0.36,0,15.248,0.3601,9.22,0.01,0,0.0301,0.0,5155,257750,412400,2577,27493.3,1334.9,816.53,130644.1,40275.9,82.0
hashicorp/vault,https://github.com/hashicorp/vault,Go,35488,2015-02-25T00:15:59Z,0,3,160.0,2.6394444444444445,21.46458333333333,388,0.199,53,0.0,1,3.0,1,0.44,0,14.044,0.9755,12.92,0.0,0,0.3229,0.0,20370,1018500,1629600,10185,108640.0,1024.1,3455.97,552955.7,165218.4,83.0
harness/harness,https://github.com/harness/harness,Go,35194,2014-02-07T07:54:44Z,0,3,160.04,6.585,475.27777777777777,74,0.0958,77,0.0,1,1.5,1,0.04,1,6.822,-0.5699,34.85,0.04,0,0.4068,0.0,3947,197350,315760,1973,21050.7,487.3,616.89,98703.0,30412.1,89.0
1Panel-dev/1Panel,https://github.com/1Panel-dev/1Panel,Go,35148,2022-07-19T15:44:52Z,0,3,160.03,0.31583333333333335,10.756388888888889,106,0.4481,3,0.0,1,1.0,1,0.96,0,7.135,0.2622,8.87,0.0,0,0.3452,0.0,4651,232550,372080,2325,24805.3,33.5,732.91,117266.3,35866.0,80.5
schollz/croc,https://github.com/schollz/croc,Go,34756,2017-10-17T15:20:18Z,10,3,160.08,3.4072222222222224,190.04611111111112,116,0.8766,67,0.0,1,1.0,1,0.9,0,12.107,-0.0629,32.26,0.22,0,0.1,0.0,2083,104150,166640,1041,11109.3,395.2,378.39,60541.7,17781.5,75.4
aquasecurity/trivy,https://github.com/aquasecurity/trivy,Go,34683,2019-04-11T01:01:07Z,0,3,160.0,16.038055555555555,24.474722222222223,443,0.263,79,0.0,1,1.0,1,0.92,0,9.071,-0.6573,256.44,0.07,0,0.0135,0.0,3338,166900,267040,1669,17802.7,7104.9,517.36,82777.1,27588.2,82.4
filebrowser/filebrowser,https://github.com/filebrowser/filebrowser,Go,34443,2015-09-11T21:21:58Z,0,3,160.0,2.7941666666666665,92.62041666666667,224,0.7038,69,0.0,1,1.0,1,0.96,0,11.853,-0.3636,3.92,0.8,0,0.5772,0.0,2620,131000,209600,1310,13973.3,625.9,481.42,77027.8,22580.0,78.0
wailsapp/wails,https://github.com/wailsapp/wails,Go,33832,2018-12-15T23:14:06Z,0,3,160.0,15.804722222222223,51.446666666666665,308,0.7647,41,0.0,1,1.0,1,0.46,0,12.967,0.2413,5.59,0.36,0,0.3125,0.0,3596,179800,287680,1798,19178.7,4867.9,671.31,107409.2,32531.6,77.4
v2fly/v2ray-core,https://github.com/v2fly/v2ray-core,Go,33776,2019-04-15T10:05:54Z,2,3,160.0,3.4837499999999997,223.36222222222221,148,0.6378,66,0.0,1,1.0,1,0.92,0,9.889,-0.2622,12.68,0.31,0,0.0017,0.0,6486,324300,518880,3243,34592.0,515.6,1039.22,166274.5,50705.6,78.5
glanceapp/glance,https://github.com/glanceapp/glance,Go,33729,2024-04-27T18:55:38Z,135,3,160.0,45.21388888888889,24.323055555555555,70,0.8373,61,0.0,1,1.0,1,0.94,0,11.677,0.0,16.53,0.21,0,0.4446,0.0,848,42400,67840,424,4522.7,3165.0,147.27,23563.9,7923.6,63.1
AdguardTeam/AdGuardHome,https://github.com/AdguardTeam/AdGuardHome,Go,33676,2016-07-06T10:31:47Z,0,3,160.04,33.93097222222222,29.074583333333333,93,0.2066,42,0.0,1,0.0,1,0.96,0,10.825,0.1469,10.9,0.0,0,0.3652,0.0,4419,220950,353520,2209,23568.0,3155.6,694.58,111132.2,34957.1,82.9
derailed/k9s,https://github.com/derailed/k9s,Go,33461,2019-01-25T18:46:02Z,3,3,160.09,0.0,899.6311111111111,353,0.6453,0,0.0,1,2.0,1,0.64,0,15.275,-0.1259,20.09,0.0,0,0.0023,0.0,1731,86550,138480,865,9232.0,0.0,259.62,41539.5,12923.9,78.3
restic/restic,https://github.com/restic/restic,Go,33264,2014-04-27T14:07:58Z,23,3,160.0,11.384444444444444,147.61583333333334,400,0.4453,83,0.0,1,1.5,1,0.48,0,13.99,-1.465,72.22,0.47,0,0.0028,0.0,8950,447500,716000,4475,47733.3,4553.8,1457.28,233165.3,71865.9,78.6
SagerNet/sing-box,https://github.com/SagerNet/sing-box,Go,33053,2022-06-30T13:27:22Z,0,3,160.0,10.144444444444444,61.42916666666667,94,0.9254,51,0.0,1,0.0,1,0.76,1,6.533,1.4755,2.09,0.06,0,0.0343,0.0,2320,116000,185600,1160,12373.3,953.6,423.71,67794.3,20031.6,80.7
zeromicro/go-zero,https://github.com/zeromicro/go-zero,Go,32955,2020-08-07T15:37:57Z,8,3,160.06,1.3663888888888889,59.47152777777778,303,0.6339,61,0.0,1,1.0,1,0.64,0,12.185,-0.014,15.72,0.56,0,0.0274,0.0,2483,124150,198640,1241,13242.7,414.0,379.19,60670.2,18879.6,78.0
k3s-io/k3s,https://github.com/k3s-io/k3s,Go,32849,2018-05-31T01:37:46Z,1,3,160.0,20.904722222222222,187.71541666666667,278,0.2727,82,0.0,1,2.0,1,0.84,1,13.661,-0.035,5.19,0.08,0,0.1049,0.0,3836,191800,306880,1918,20458.7,5811.5,598.69,95790.5,31130.9,87.2
beego/beego,https://github.com/beego/beego,Go,32411,2012-02-29T02:32:08Z,16,3,160.04,1.7127777777777777,1648.875,349,0.4173,53,0.0,1,1.0,1,1.0,1,14.736,-0.007,54.08,0.27,0,0.0021,0.0,4357,217850,348560,2178,23237.3,597.8,684.35,109495.6,33697.1,84.5
labstack/echo,https://github.com/labstack/echo,Go,32344,2015-03-01T17:43:01Z,17,3,160.0,1.6897222222222221,43.06111111111111,273,0.5878,35,0.0,1,3.0,1,0.68,0,15.469,-0.6049,64.29,0.19,0,0.0012,0.0,1732,86600,138560,866,9237.3,461.3,259.78,41564.7,13070.0,77.7
cockroachdb/cockroach,https://github.com/cockroachdb/cockroach,Go,32091,2014-02-06T00:18:47Z,0,3,160.0,4.953888888888889,10.569027777777778,308,0.074,88,0.0,1,1.0,1,0.3,0,13.333,-5.6678,0.0,0.0,0,0.0891,0.0,80932,4046600,6474560,40466,431637.3,1525.8,14711.47,2353835.0,687043.4,84.3
kubernetes/minikube,https://github.com/kubernetes/minikube,Go,31725,2016-04-15T22:38:35Z,1,3,160.01,7.585833333333333,2.0519444444444446,377,0.2154,84,0.0,1,1.0,1,0.74,1,11.486,-0.542,45.17,0.0,0,0.491,0.0,24019,1200950,1921520,12009,128101.3,2859.9,4108.78,657404.1,196389.4,87.8
seaweedfs/seaweedfs,https://github.com/seaweedfs/seaweedfs,Go,31713,2014-07-14T16:41:37Z,0,3,160.0,2.9306944444444447,11.007361111111111,390,0.8002,80,0.0,1,1.0,1,0.82,1,12.88,3.1888,9.75,0.14,0,0.1737,0.0,11646,582300,931680,5823,62112.0,1143.0,2305.67,368906.7,105180.2,82.0
containers/podman,https://github.com/containers/podman,Go,31498,2017-11-01T15:01:27Z,1,3,160.0,14.018055555555556,25.07236111111111,416,0.3403,49,0.0,1,2.0,1,0.48,1,9.404,-0.8077,15.33,0.01,3,0.194,0.0,22450,1122500,1796000,11225,119733.3,5831.5,3827.43,612388.3,184093.8,86.5
iawia002/lux,https://github.com/iawia002/lux,Go,31293,2018-02-24T11:29:03Z,26,3,160.23,0.8072222222222222,931.6312499999999,106,0.7277,87,0.0,1,1.0,1,0.24,1,11.385,0.0,79.19,0.07,0,0.1409,0.0,683,34150,54640,341,3642.7,85.6,117.34,18774.7,5602.0,75.8
tailscale/tailscale,https://github.com/tailscale/tailscale,Go,30905,2020-01-31T22:00:03Z,0,3,160.0,3.498611111111111,20.824166666666667,310,0.3561,83,0.0,1,1.0,1,0.9,0,17.171,1.2727,13.3,0.03,0,0.0447,0.0,9204,460200,736320,4602,49088.0,1084.6,1500.74,240118.2,72893.0,81.4
grafana/k6,https://github.com/grafana/k6,Go,30431,2016-03-21T15:30:24Z,0,3,160.0,39.04388888888889,144.2697222222222,228,0.2443,77,0.0,1,2.0,1,0.9,0,14.686,1.035,19.45,0.0,0,0.2123,0.0,8084,404200,646720,4042,43114.7,8902.0,1309.6,209535.4,66135.0,82.6
spf13/viper,https://github.com/spf13/viper,Go,30216,2014-04-02T14:33:33Z,102,3,160.0,217.89277777777778,849.7038888888889,170,0.457,29,0.0,1,1.0,1,0.72,0,12.363,0.0,74.65,0.16,0,0.0211,0.0,674,33700,53920,337,3594.7,37041.8,96.43,15429.2,15995.7,67.0
binwiederhier/ntfy,https://github.com/binwiederhier/ntfy,Go,29870,2021-10-23T19:25:32Z,2,3,160.0,19.8,8.703333333333333,326,0.6002,82,0.0,1,2.0,1,0.78,1,13.864,-1.7657,71.33,0.22,1,0.2863,0.0,2126,106300,170080,1063,11338.7,6454.8,322.16,51545.5,17914.9,83.8
hashicorp/consul,https://github.com/hashicorp/consul,Go,29855,2013-11-04T22:15:27Z,0,3,160.0,3.5858333333333334,207.26944444444445,352,0.0966,66,0.0,1,1.0,1,0.68,1,15.262,0.7098,9.59,0.01,0,0.2371,0.0,18712,935600,1496960,9356,99797.3,1262.2,3161.23,505796.6,151436.6,89.0
helm/helm,https://github.com/helm/helm,Go,29733,2015-10-06T01:07:32Z,2,3,160.0,3.8222222222222224,451.9847222222222,372,0.1686,89,0.0,1,2.0,1,0.38,0,14.264,-0.4895,10.77,0.08,0,0.0159,0.0,6780,339000,542400,3390,36160.0,1421.9,1088.73,174197.1,53346.0,83.1
github/github-mcp-server,https://github.com/github/github-mcp-server,Go,29228,2025-03-04T16:42:04Z,0,3,160.0,0.0,96.33111111111111,115,0.2133,0,0.0,1,2.0,1,1.0,0,11.537,-1.021,8.0,0.03,0,0.0381,0.0,736,36800,58880,368,3925.3,0.0,105.77,16922.8,5347.2,78.9
QuantumNous/new-api,https://github.com/QuantumNous/new-api,Go,28723,2023-11-10T19:33:36Z,0,3,160.03,17.97111111111111,2.2447222222222223,229,0.4963,67,0.0,1,1.0,1,0.96,0,6.543,-3.3636,1.76,0.08,0,0.4769,0.0,5289,264450,423120,2644,28208.0,4115.4,838.83,134212.2,42181.1,80.0
sipeed/picoclaw,https://github.com/sipeed/picoclaw,Go,28489,2026-02-04T12:32:35Z,0,3,160.09,8.791944444444445,36.64222222222222,196,0.1102,48,0.0,1,1.0,1,0.86,0,10.134,-7.0839,3.79,0.0,0,0.1032,0.0,1815,90750,145200,907,9680.0,1723.2,272.87,43658.6,14088.7,83.9
micro-editor/micro,https://github.com/micro-editor/micro,Go,28483,2016-03-11T02:06:28Z,1,3,160.0,2.3068055555555556,26.53,305,0.6362,70,0.0,1,4.5,1,0.74,0,12.886,-0.0699,149.35,0.38,0,0.0585,0.0,3348,167400,267840,1674,17856.0,703.6,518.98,83037.5,25746.6,78.6
router-for-me/CLIProxyAPI,https://github.com/router-for-me/CLIProxyAPI,Go,28479,2025-07-01T19:43:27Z,0,3,160.0,1.6155555555555554,6.573888888888888,149,0.5332,62,0.0,1,2.0,1,0.98,1,11.97,-1.7098,0.72,0.25,0,0.0019,0.0,2262,113100,180960,1131,12064.0,240.7,343.83,55013.2,17106.8,84.7
abiosoft/colima,https://github.com/abiosoft/colima,Go,28467,2021-09-04T09:52:22Z,3,3,160.0,0.5473611111111112,17.8775,99,0.8016,62,0.0,1,1.0,1,0.88,0,14.986,-0.7657,53.66,0.18,0,0.0239,0.0,620,31000,49600,310,3306.7,54.2,106.0,16960.6,5061.7,71.0
opentofu/opentofu,https://github.com/opentofu/opentofu,Go,28463,2023-08-16T20:01:36Z,0,3,160.01,3.0008333333333335,26.76833333333333,351,0.1411,90,0.0,1,2.0,1,0.86,0,17.231,-0.7308,14.3,0.01,0,0.0898,0.0,28531,1426550,2282480,14265,152165.3,1053.3,4922.8,787648.7,233928.4,83.6
goharbor/harbor,https://github.com/goharbor/harbor,Go,28344,2016-01-28T21:10:28Z,0,3,160.0,19.121388888888887,92.97680555555556,339,0.1767,47,0.0,1,2.0,1,0.52,1,12.488,-0.1748,17.39,0.01,0,0.4724,0.0,10418,520900,833440,5209,55562.7,6482.2,1709.24,273478.6,84421.7,88.2
fyne-io/fyne,https://github.com/fyne-io/fyne,Go,28168,2018-02-04T22:07:16Z,1,3,160.01,13.164166666666667,123.21791666666667,201,0.5414,79,0.0,1,1.0,1,0.64,1,14.567,-0.2972,26.93,0.11,0,0.0458,0.0,11741,587050,939280,5870,62618.7,2646.0,1937.85,310056.0,94114.4,84.5
grafana/loki,https://github.com/grafana/loki,Go,28073,2018-04-16T09:22:48Z,0,3,160.02,4.038611111111111,19.30361111111111,442,0.0629,66,0.0,1,1.0,1,0.5,0,10.37,-0.1434,11.08,0.0,0,0.0355,0.0,8659,432950,692720,4329,46181.3,1785.1,1407.57,225211.7,68668.5,84.4
projectdiscovery/nuclei,https://github.com/projectdiscovery/nuclei,Go,28054,2020-04-03T18:47:11Z,1,3,160.0,14.58388888888889,24.303472222222222,234,0.2275,58,0.0,1,1.0,1,0.44,0,9.527,0.4965,17.96,0.03,0,0.0365,0.0,5034,251700,402720,2517,26848.0,3412.6,796.41,127426.2,39933.0,82.6
authelia/authelia,https://github.com/authelia/authelia,Go,27606,2016-12-07T00:56:57Z,0,3,160.05,0.0,5.114027777777778,274,0.461,0,0.0,1,2.0,1,0.98,0,10.3,2.9825,23.91,0.27,0,0.1481,0.0,3475,173750,278000,1737,18533.3,0.0,539.67,86348.0,26536.2,80.4
cloudreve/cloudreve,https://github.com/cloudreve/cloudreve,Go,27430,2018-02-04T04:56:38Z,10,3,160.0,0.0,5.106388888888889,51,0.8905,0,0.0,1,2.0,1,0.58,0,10.206,-0.4895,12.91,0.18,0,0.0015,0.0,1142,57100,91360,571,6090.7,0.0,201.31,32209.2,9487.2,75.3
Wox-launcher/Wox,https://github.com/Wox-launcher/Wox,Go,26693,2013-12-19T15:49:32Z,0,3,160.0,5.7252777777777775,29.349444444444444,114,0.4947,61,0.0,1,0.0,1,0.82,0,13.641,1.7378,252.72,0.15,0,0.4211,0.0,4506,225300,360480,2253,24032.0,652.7,708.94,113430.7,34897.9,80.1
gitleaks/gitleaks,https://github.com/gitleaks/gitleaks,Go,26265,2018-01-27T18:19:31Z,30,3,160.14,6.183611111111111,62.34236111111112,208,0.5774,50,0.0,1,1.5,1,0.28,0,10.335,0.0035,27.69,0.22,0,0.1704,0.0,1157,57850,92560,578,6170.7,1286.2,170.07,27211.3,8913.5,76.7
openfaas/faas,https://github.com/openfaas/faas,Go,26140,2016-12-22T12:51:39Z,23,3,160.0,0.0,0.0,161,0.7079,0,0.0,1,1.0,1,1.0,0,12.306,-0.0559,119.24,0.12,0,0.1961,0.0,2112,105600,168960,1056,11264.0,0.0,383.92,61427.0,17917.4,76.0
XIU2/CloudflareSpeedTest,https://github.com/XIU2/CloudflareSpeedTest,Go,26113,2020-08-30T14:24:52Z,20,3,160.4,0.0,0.0,13,0.8866,0,0.0,1,4.0,0,0.0,0,6.826,0.0,0.0,0.2,0,0.0,0.0,397,19850,31760,198,2117.3,0.0,66.38,10620.9,3182.8,50.2
yeasy/docker_practice,https://github.com/yeasy/docker_practice,Go,25988,2014-09-05T04:06:39Z,0,3,160.11,0.0,35.96513888888889,103,0.4385,0,0.0,1,1.0,1,0.98,0,12.212,0.458,339.81,0.27,18,0.0,0.0,1407,70350,112560,703,7504.0,0.0,208.85,33416.3,10435.3,80.6
stretchr/testify,https://github.com/stretchr/testify,Go,25948,2012-10-16T16:43:17Z,16,3,160.15,82.97972222222222,383.3436111111111,257,0.12,74,0.0,1,3.0,1,0.82,0,14.345,-0.2028,199.0,0.08,0,0.0022,0.0,1075,53750,86000,537,5733.3,21325.8,157.44,25190.0,14302.4,82.5
trufflesecurity/trufflehog,https://github.com/trufflesecurity/trufflehog,Go,25903,2016-12-31T05:08:12Z,0,3,160.0,750.6541666666667,198.68416666666667,178,0.1293,32,0.0,1,3.0,1,0.88,0,9.006,0.1154,6.21,0.01,0,0.0017,0.0,3572,178600,285760,1786,19050.7,133616.4,555.5,88880.6,67386.4,83.7
sirupsen/logrus,https://github.com/sirupsen/logrus,Go,25715,2013-10-16T19:08:55Z,46,3,160.0,0.0,1072.2980555555555,240,0.3002,0,0.0,1,1.0,1,0.96,0,15.278,-1.0664,229.98,0.28,0,0.0,0.0,1226,61300,98080,613,6538.7,0.0,180.74,28917.8,9052.9,78.2
dapr/dapr,https://github.com/dapr/dapr,Go,25702,2019-06-19T00:49:06Z,0,3,160.0,0.0,0.0,307,0.1518,0,0.0,1,4.0,1,0.8,1,11.549,0.0,2.09,0.02,0,0.0245,0.0,6586,329300,526880,3293,35125.3,0.0,1056.05,168967.3,51356.1,88.5
go-kratos/kratos,https://github.com/go-kratos/kratos,Go,25639,2019-01-10T10:42:31Z,21,3,160.0,0.0,0.0,290,0.137,0,0.0,1,2.0,1,0.66,0,10.109,0.0,39.72,0.08,0,0.0114,0.0,1620,81000,129600,810,8640.0,0.0,242.17,38747.2,12069.4,81.9
kataras/iris,https://github.com/kataras/iris,Go,25595,2016-01-30T04:36:48Z,99,3,160.07,5.723611111111111,9.789305555555556,104,0.8696,33,0.0,1,0.0,1,1.0,0,9.365,0.0,193.5,0.25,0,0.063,0.0,2355,117750,188400,1177,12560.0,595.3,430.43,68868.6,20232.3,68.1
rancher/rancher,https://github.com/rancher/rancher,Go,25523,2014-11-07T20:49:31Z,0,3,160.0,10.536805555555556,57.62972222222222,288,0.1438,48,0.0,1,1.0,1,0.76,1,11.973,-0.1329,3.33,0.0,0,0.124,0.0,11486,574300,918880,5743,61258.7,3034.6,1893.68,302989.1,92137.6,88.6
asdf-vm/asdf,https://github.com/asdf-vm/asdf,Go,25295,2014-11-29T04:41:43Z,1,3,160.0,33.36708333333333,141.99527777777777,256,0.4029,86,0.0,1,1.0,1,0.76,1,13.95,0.4266,71.7,0.21,0,0.3928,0.0,1864,93200,149120,932,9941.3,8542.0,280.61,44897.1,16512.7,85.9
gocolly/colly,https://github.com/gocolly/colly,Go,25250,2017-09-29T14:08:49Z,0,3,160.22,0.0,0.0,111,0.5902,0,0.0,1,1.0,1,0.86,0,16.732,0.0,0.0,0.08,0,0.006,0.0,715,35750,57200,357,3813.3,0.0,102.6,16416.1,5189.9,74.8
pulumi/pulumi,https://github.com/pulumi/pulumi,Go,25093,2016-10-31T21:02:47Z,0,3,160.01,2.6461111111111113,12.068888888888889,331,0.1478,87,0.0,1,1.0,1,0.22,1,13.271,-0.1294,2.65,0.03,0,0.281,0.0,12851,642550,1028080,6425,68538.7,875.9,2130.66,340905.1,102713.1,88.5
tsenart/vegeta,https://github.com/tsenart/vegeta,Go,25011,2013-08-13T11:45:21Z,67,3,160.0,0.0,0.0,66,0.8262,0,0.0,1,0.0,1,0.7609,0,16.825,0.0,0.0,0.42,0,0.0277,0.0,604,30200,48320,302,3221.3,0.0,103.13,16501.4,4910.9,65.2
microsoft/typescript-go,https://github.com/microsoft/typescript-go,Go,24952,2024-09-19T20:25:12Z,1,3,160.0,16.435,16.522222222222222,104,0.3375,87,0.0,1,1.0,1,0.7,0,12.552,0.0594,0.0,0.0,36,0.1527,0.0,1902,95100,152160,951,10144.0,1709.2,286.62,45858.6,14756.5,81.5
netbirdio/netbird,https://github.com/netbirdio/netbird,Go,24723,2021-04-14T12:27:20Z,0,3,160.0,15.892777777777777,32.55972222222222,129,0.2061,92,0.0,1,2.0,1,0.5,0,11.487,0.5979,2.51,0.02,0,0.0329,0.0,2780,139000,222400,1390,14826.7,2050.2,426.95,68312.0,21690.8,82.9
go-delve/delve,https://github.com/go-delve/delve,Go,24696,2014-05-20T19:24:43Z,1,3,160.06,14.186666666666667,57.49638888888889,244,0.4134,33,0.0,1,2.0,1,0.42,0,14.582,0.1154,31.28,0.06,0,0.431,0.0,2869,143450,229520,1434,15301.3,3461.5,441.31,70610.1,22811.1,80.8
flipped-aurora/gin-vue-admin,https://github.com/flipped-aurora/gin-vue-admin,Go,24601,2019-09-01T13:22:35Z,9,3,160.0,10.638333333333334,131.86527777777778,209,0.2647,36,0.0,1,1.0,1,0.9,0,5.533,-0.3147,20.57,0.24,0,0.512,0.0,1356,67800,108480,678,7232.0,2223.4,200.91,32145.7,10712.2,81.6
containrrr/watchtower,https://github.com/containrrr/watchtower,Go,24591,2015-07-13T21:21:53Z,128,3,160.0,0.0,0.0,129,0.3688,0,0.0,1,1.0,1,0.74,0,11.613,0.0,80.65,0.33,0,0.0543,0.0,640,32000,51200,320,3413.3,0.0,91.33,14613.0,4629.2,65.2
charmbracelet/glow,https://github.com/charmbracelet/glow,Go,24582,2019-11-04T23:34:55Z,2,3,160.0,1.6895833333333332,1.3095833333333333,45,0.554,42,0.0,1,1.0,1,0.66,0,15.875,0.1119,171.52,0.02,0,0.0011,0.0,778,38900,62240,389,4149.3,76.0,112.11,17938.2,5685.1,76.0
uber-go/zap,https://github.com/uber-go/zap,Go,24424,2016-02-18T19:52:56Z,39,3,160.27,0.0,0.0,138,0.2202,0,0.0,1,1.0,1,0.22,0,15.437,0.0,101.29,0.16,0,0.0082,0.0,595,29750,47600,297,3173.3,0.0,84.6,13536.1,4293.9,73.5
cilium/cilium,https://github.com/cilium/cilium,Go,24200,2015-12-16T12:33:31Z,0,3,160.0,8.914166666666667,32.71194444444444,394,0.0975,89,0.0,1,1.0,1,0.72,1,13.575,-3.5699,7.56,0.06,0,0.1203,0.0,37756,1887800,3020480,18878,201365.3,3512.2,6606.4,1057024.4,313141.2,89.0
GopeedLab/gopeed,https://github.com/GopeedLab/gopeed,Go,24127,2019-04-21T07:23:32Z,0,3,160.0,0.0,116.54319444444445,56,0.8324,0,0.0,1,1.0,1,0.68,0,10.547,-0.1364,23.02,0.23,0,0.4515,0.0,704,35200,56320,352,3754.7,0.0,121.13,19381.3,5753.6,72.2
urfave/cli,https://github.com/urfave/cli,Go,23992,2013-07-13T19:32:06Z,6,3,160.0,0.0,0.0,289,0.2389,0,0.0,1,1.0,1,0.96,0,14.64,0.3566,24.72,0.31,0,0.0027,0.0,3454,172700,276320,1727,18421.3,0.0,536.25,85800.2,26370.7,82.1
quii/learn-go-with-tests,https://github.com/quii/learn-go-with-tests,Go,23611,2018-03-02T11:41:14Z,35,3,160.12,0.0,293.43791666666664,269,0.5798,0,0.0,1,1.0,1,0.8378,0,14.849,-0.0559,96.82,0.08,0,0.0138,0.0,1385,69250,110800,692,7386.7,0.0,205.42,32867.9,10266.9,76.3
charmbracelet/gum,https://github.com/charmbracelet/gum,Go,23451,2022-06-10T22:09:42Z,2,3,160.29,4.7525,83.73638888888888,68,0.4831,65,0.0,1,2.0,1,0.48,0,9.99,0.1503,44.77,0.08,0,0.0052,0.0,561,28050,44880,280,2992.0,323.2,79.53,12725.1,4138.0,73.4
charmbracelet/crush,https://github.com/charmbracelet/crush,Go,23425,2025-05-21T12:14:57Z,0,3,160.05,0.0,25.61888888888889,109,0.2842,0,0.0,1,1.0,1,0.94,0,12.037,-1.3601,1.57,0.17,0,0.0236,0.0,3075,153750,246000,1537,16400.0,0.0,474.64,75942.9,23388.6,82.2
air-verse/air,https://github.com/air-verse/air,Go,23422,2017-10-12T14:31:40Z,12,3,160.36,52.46625,625.7229166666666,102,0.4221,70,0.0,1,1.0,1,0.54,0,9.698,0.1364,34.59,0.33,0,0.0996,0.0,443,22150,35440,221,2362.7,5351.6,62.07,9930.6,4772.9,71.4
valyala/fasthttp,https://github.com/valyala/fasthttp,Go,23340,2015-10-18T22:19:57Z,4,3,160.0,0.0,55.95736111111111,216,0.5269,0,0.0,1,1.0,1,0.88,0,14.812,0.0594,27.54,0.31,0,0.0,0.0,1782,89100,142560,891,9504.0,0.0,267.66,42825.5,13317.1,79.4
slimtoolkit/slim,https://github.com/slimtoolkit/slim,Go,23160,2015-09-09T17:39:11Z,8,3,160.16,0.0,0.0,67,0.8136,0,0.0,1,0.0,1,0.54,1,13.436,0.0,40.6,0.12,0,0.0127,0.0,1003,50150,80240,501,5349.3,0.0,175.66,28105.9,8295.8,81.2
grpc/grpc-go,https://github.com/grpc/grpc-go,Go,22917,2014-12-08T18:59:34Z,1,3,160.03,0.0,0.0,426,0.2079,0,0.0,1,2.0,1,0.9,1,11.905,0.3252,14.03,0.02,0,0.0045,0.0,5677,283850,454160,2838,30277.3,0.0,903.55,144568.8,44052.4,87.8
micro/go-micro,https://github.com/micro/go-micro,Go,22739,2015-01-13T23:30:18Z,4,3,160.05,0.0,25.41722222222222,181,0.6149,0,0.0,1,1.0,1,0.92,0,16.414,-1.9371,91.15,0.05,0,0.0718,0.0,3121,156050,249680,1560,16645.3,0.0,482.1,77136.2,23749.9,78.5
jaegertracing/jaeger,https://github.com/jaegertracing/jaeger,Go,22715,2016-04-15T18:49:02Z,0,3,160.0,4.025972222222222,109.44,431,0.2375,82,0.0,1,4.0,1,0.82,0,10.606,0.7168,9.93,0.33,0,0.0957,0.0,3592,179600,287360,1796,19157.3,1735.2,558.77,89403.2,27979.8,82.6
argoproj/argo-cd,https://github.com/argoproj/argo-cd,Go,22703,2018-02-09T11:12:01Z,0,3,160.03,4.088611111111112,29.731666666666666,426,0.1124,78,0.0,1,2.0,1,0.76,1,11.078,0.1119,5.46,0.16,0,0.1915,0.0,5905,295250,472400,2952,31493.3,1741.7,941.7,150671.3,46403.4,88.9
dolthub/dolt,https://github.com/dolthub/dolt,Go,22307,2019-07-24T17:46:25Z,1,3,160.0,4.944722222222222,75.91638888888889,126,0.1771,84,0.0,1,1.0,1,0.84,0,12.993,-10.2098,2.15,0.0,0,0.2124,0.0,25000,1250000,2000000,12500,133333.3,623.0,4285.16,685625.1,203978.6,83.1
JanDeDobbeleer/oh-my-posh,https://github.com/JanDeDobbeleer/oh-my-posh,Go,22302,2019-03-13T11:13:31Z,1,3,160.0,0.0,0.0,426,0.706,0,0.0,1,1.0,1,0.9,0,11.3,0.0,4.18,0.16,0,0.3623,0.0,3578,178900,286240,1789,19082.7,0.0,667.78,106844.8,30910.3,77.9
OpenListTeam/OpenList,https://github.com/OpenListTeam/OpenList,Go,22112,2025-06-11T23:35:02Z,3,3,160.07,1.4538888888888888,1.8308333333333333,229,0.5871,67,0.0,1,1.0,1,0.88,0,8.158,-0.1294,12.93,0.24,0,0.0094,0.0,2441,122050,195280,1220,13018.7,332.9,372.46,59593.1,18527.8,78.9
FiloSottile/age,https://github.com/FiloSottile/age,Go,22083,2019-05-18T20:44:54Z,35,3,160.44,0.0,0.0,55,0.8082,0,0.0,1,3.0,1,0.98,0,14.248,-0.028,146.81,0.37,0,0.0,0.0,365,18250,29200,182,1946.7,0.0,60.77,9723.9,2918.1,64.5
redis/go-redis,https://github.com/redis/go-redis,Go,22056,2012-07-25T13:01:39Z,0,3,160.0,21.681944444444444,295.99777777777774,358,0.643,71,0.0,1,2.0,1,0.88,0,14.465,0.4406,24.7,0.07,0,0.0045,0.0,2728,136400,218240,1364,14549.3,7762.1,418.57,66970.9,22997.5,78.6
go-chi/chi,https://github.com/go-chi/chi,Go,22048,2015-10-15T20:46:29Z,64,3,160.0,15.238194444444446,59.07611111111111,154,0.3541,58,0.0,1,1.0,1,0.74,0,16.964,-0.2238,87.78,0.14,0,0.0017,0.0,466,23300,37280,233,2485.3,2346.7,65.45,10472.6,4041.2,68.1
dgraph-io/dgraph,https://github.com/dgraph-io/dgraph,Go,21670,2015-08-25T07:15:56Z,2,3,160.0,19.924166666666668,238.95083333333332,190,0.1932,36,0.0,1,2.0,1,0.9,0,13.568,-0.0699,22.68,0.05,0,0.0225,0.0,4710,235500,376800,2355,25120.0,3785.6,742.68,118828.8,37461.4,82.9
gofr-dev/gofr,https://github.com/gofr-dev/gofr,Go,21608,2023-10-24T10:14:48Z,3,3,160.0,10.10736111111111,107.5725,134,0.4633,66,0.0,1,1.0,1,0.86,0,7.238,-3.2378,5.13,0.02,0,0.0014,0.0,3946,197300,315680,1973,21045.3,1354.4,616.73,98676.7,30664.3,80.1
getsops/sops,https://github.com/getsops/sops,Go,21593,2015-08-13T22:11:00Z,2,3,160.07,4.74,149.53416666666666,180,0.2953,91,0.0,1,1.0,1,0.94,0,12.584,0.1748,108.95,0.07,0,0.0825,0.0,2191,109550,175280,1095,11685.3,853.2,332.51,53201.5,16738.9,81.9
henrygd/beszel,https://github.com/henrygd/beszel,Go,21291,2024-07-07T21:36:28Z,2,3,160.11,20.712777777777777,20.381944444444443,116,0.8478,75,0.0,1,1.0,1,0.82,0,11.657,-0.2657,9.78,0.27,0,0.0892,0.0,1445,72250,115600,722,7706.7,2402.7,257.73,41237.5,12821.7,76.4
samber/lo,https://github.com/samber/lo,Go,21207,2022-03-02T12:48:45Z,1,3,160.2,26.738055555555555,171.24055555555555,154,0.623,85,0.0,1,1.0,1,0.76,0,12.397,-0.6643,69.01,0.07,0,0.0014,0.0,801,40050,64080,400,4272.0,4117.7,115.6,18495.4,7070.4,75.7
gastownhall/beads,https://github.com/gastownhall/beads,Go,21139,2025-10-12T03:09:46Z,0,3,160.0,3.2269444444444444,47.36694444444444,322,0.7074,63,0.0,1,1.0,1,0.86,1,14.581,-25.7168,3.26,0.02,0,0.0585,0.0,6438,321900,515040,3219,34336.0,1039.1,1237.37,197979.2,57075.6,82.9
chaitin/SafeLine,https://github.com/chaitin/SafeLine,Go,21080,2023-04-12T11:30:14Z,7,3,160.0,1.842361111111111,132.30375,20,0.2582,32,0.0,1,1.0,1,0.8718,0,7.239,0.0,31.43,0.01,0,0.6052,0.0,790,39500,63200,395,4213.3,36.8,113.93,18228.8,5763.5,78.7
vitessio/vitess,https://github.com/vitessio/vitess,Go,20928,2013-06-27T21:20:28Z,0,3,160.0,2.611388888888889,24.629166666666666,320,0.1491,71,0.0,1,2.0,1,0.98,1,13.432,-0.2867,29.51,0.11,0,0.0561,0.0,30782,1539100,2462560,15391,164170.7,835.6,5331.4,853024.3,252940.9,88.5
lima-vm/lima,https://github.com/lima-vm/lima,Go,20873,2021-05-14T07:30:56Z,1,3,160.03,3.2441666666666666,71.2173611111111,188,0.5373,91,0.0,1,1.0,1,0.78,0,12.357,0.4021,14.78,0.12,0,0.2541,0.0,5209,260450,416720,2604,27781.3,609.9,825.51,132081.4,40489.9,79.5
m1k1o/neko,https://github.com/m1k1o/neko,Go,20667,2020-03-14T20:46:07Z,7,3,160.08,2.963611111111111,227.22222222222223,56,0.8347,75,0.0,1,1.0,1,0.88,0,12.194,0.1888,190.06,0.27,0,0.6286,0.0,2099,104950,167920,1049,11194.7,166.0,381.44,61030.1,17853.2,76.1
navidrome/navidrome,https://github.com/navidrome/navidrome,Go,20652,2016-02-24T23:25:12Z,0,3,160.0,26.630833333333335,10.856666666666667,214,0.8819,46,0.0,1,1.0,1,0.74,1,14.936,-0.958,32.02,0.37,0,0.2409,0.0,4320,216000,345600,2160,23040.0,5699.0,813.9,130223.4,39274.4,81.2
containerd/containerd,https://github.com/containerd/containerd,Go,20622,2015-11-13T00:27:43Z,1,3,160.01,3.5319444444444446,12.678055555555556,424,0.1323,78,0.0,1,2.0,1,0.78,1,14.029,0.5524,18.32,0.14,0,0.0231,0.0,15659,782950,1252720,7829,83514.7,1497.5,2622.0,419519.3,126110.5,88.6
qax-os/excelize,https://github.com/qax-os/excelize,Go,20511,2016-08-29T12:32:12Z,3,3,160.0,16.163611111111113,40.170138888888886,298,0.7087,81,0.0,1,1.0,1,0.62,1,13.445,0.2063,50.54,0.26,0,0.0,0.0,1356,67800,108480,678,7232.0,4816.8,241.09,38574.8,12776.0,82.7
antonmedv/fx,https://github.com/antonmedv/fx,Go,20435,2018-01-25T17:29:43Z,27,3,160.21,10.102222222222222,93.99555555555555,34,0.9484,46,0.0,1,1.0,1,0.92,0,16.444,-0.1888,86.08,0.12,0,0.0429,0.0,775,38750,62000,387,4133.3,343.5,133.99,21438.7,6457.4,69.9
gravitational/teleport,https://github.com/gravitational/teleport,Go,20178,2015-03-02T19:36:00Z,0,3,160.01,4.8372222222222225,9.256666666666666,309,0.0565,69,0.0,1,2.0,1,0.96,0,11.702,3.5175,3.77,0.01,90,0.2705,0.0,24001,1200050,1920080,12000,128005.3,1494.7,4105.54,656886.8,195828.4,84.4
GoogleCloudPlatform/microservices-demo,https://github.com/GoogleCloudPlatform/microservices-demo,Go,20146,2018-08-03T18:32:18Z,1,3,160.0,7.750555555555556,1104.5105555555556,126,0.6477,80,0.0,1,1.0,1,0.7,0,10.373,0.2727,50.84,0.03,0,0.7107,0.0,2370,118500,189600,1185,12640.0,976.6,361.09,57774.4,18167.9,78.4
apache/casbin,https://github.com/apache/casbin,Go,20039,2017-04-08T07:51:23Z,0,3,160.0,5.488194444444444,39.26902777777778,146,0.6387,74,0.0,1,1.0,1,0.64,0,12.256,0.0839,16.61,0.38,0,0.0002,0.0,1132,56600,90560,566,6037.3,801.3,166.21,26594.3,8577.9,78.6
rakyll/hey,https://github.com/rakyll/hey,Go,19952,2016-09-02T10:24:09Z,104,3,160.0,160.17361111111111,431.9769444444444,43,0.4755,28,0.0,1,2.0,1,0.7059,0,15.839,0.0,760.54,0.46,0,0.0472,0.0,204,10200,16320,102,1088.0,6887.5,27.49,4399.1,3490.1,59.6
go-playground/validator,https://github.com/go-playground/validator,Go,19897,2015-02-12T16:32:22Z,1,3,160.43,2.7215277777777778,238.86166666666668,243,0.0515,8,0.0,1,1.0,1,0.96,0,10.684,0.1259,33.84,0.16,0,0.0002,0.0,369,18450,29520,184,1968.0,661.3,51.23,8196.5,2821.7,74.9
grpc-ecosystem/grpc-gateway,https://github.com/grpc-ecosystem/grpc-gateway,Go,19880,2015-04-03T07:25:13Z,1,3,160.08,19.7625,86.79541666666667,412,0.2709,85,0.0,1,1.0,1,0.72,0,10.011,1.5385,31.01,0.05,0,0.1023,0.0,2115,105750,169200,1057,11280.0,8142.1,320.41,51265.5,18335.7,82.2
wavetermdev/waveterm,https://github.com/wavetermdev/waveterm,Go,19857,2022-06-08T00:26:00Z,2,3,160.08,7.070555555555556,55.52611111111111,41,0.4501,66,0.0,1,1.0,1,0.62,1,9.801,-1.2273,10.68,0.12,91,0.5166,0.0,2033,101650,162640,1016,10842.7,289.9,307.38,49180.6,15344.4,85.3
temporalio/temporal,https://github.com/temporalio/temporal,Go,19812,2019-10-16T22:15:35Z,1,3,160.02,17.385416666666664,44.12402777777778,264,0.1081,94,0.0,1,1.0,1,0.42,1,13.596,2.1643,25.59,0.03,0,0.0062,0.0,8649,432450,691920,4324,46128.0,4589.7,1405.87,224938.6,69428.6,88.8
apernet/hysteria,https://github.com/apernet/hysteria,Go,19762,2020-04-21T00:01:34Z,2,3,160.13,22.729166666666668,8.315277777777778,26,0.8012,63,0.0,1,1.5,1,0.9,0,13.084,0.1958,29.63,0.5,5,0.0832,0.0,1207,60350,96560,603,6437.3,591.0,213.36,34136.9,10223.3,76.8
ahmetb/kubectx,https://github.com/ahmetb/kubectx,Go,19677,2017-03-30T18:06:53Z,6,3,160.56,27.348194444444445,15.491666666666667,64,0.7093,48,0.0,1,0.0,1,0.76,1,15.385,0.2797,234.7,0.37,0,0.1167,0.0,289,14450,23120,144,1541.3,1750.3,47.56,7609.8,2817.7,71.7
nats-io/nats-server,https://github.com/nats-io/nats-server,Go,19672,2012-10-29T16:12:24Z,0,3,160.01,4.563472222222222,199.59,174,0.4644,74,0.0,1,1.0,1,0.66,1,14.89,-1.2692,6.87,0.0,0,0.003,0.0,11899,594950,951920,5949,63461.3,794.0,1965.24,314438.5,94856.6,85.4
knadh/listmonk,https://github.com/knadh/listmonk,Go,19611,2019-06-26T05:08:39Z,1,3,160.09,8.887361111111112,62.016666666666666,226,0.7627,76,0.0,1,1.0,1,0.82,0,14.626,-0.0734,65.78,0.28,0,0.5897,0.0,1833,91650,146640,916,9776.0,2008.5,330.85,52936.1,16077.8,77.3
kubernetes/ingress-nginx,https://github.com/kubernetes/ingress-nginx,Go,19504,2016-11-04T22:54:14Z,32,3,160.0,8.8475,0.0,410,0.3882,86,0.0,1,0.0,1,0.82,1,13.326,-1.2028,12.36,0.07,0,0.1447,0.0,6442,322100,515360,3221,34357.3,3627.5,1031.81,165090.3,51285.0,83.5
charmbracelet/vhs,https://github.com/charmbracelet/vhs,Go,19487,2022-07-19T14:28:36Z,2,3,160.25,2.3033333333333337,961.2044444444444,56,0.6878,62,0.0,1,1.0,1,0.56,0,8.929,-0.007,74.09,0.04,0,0.0122,0.0,647,32350,51760,323,3450.7,129.0,92.38,14780.8,4720.2,72.7
dariubs/GoBooks,https://github.com/dariubs/GoBooks,Go,19364,2015-05-05T10:45:36Z,56,3,160.0,58.24805555555555,38.18277777777778,88,0.2545,71,0.0,1,1.0,1,0.3529,0,15.234,-0.2587,0.0,0.38,0,0.0077,0.0,220,11000,17600,110,1173.3,5125.8,29.76,4762.0,3076.8,66.1
twpayne/chezmoi,https://github.com/twpayne/chezmoi,Go,19337,2018-11-12T16:45:43Z,3,3,160.03,4.655277777777778,50.56027777777778,209,0.9083,81,0.0,1,1.0,1,1.0,0,17.53,0.2028,7.39,0.24,25,0.0478,0.0,5499,274950,439920,2749,29328.0,973.0,1048.6,167775.6,48511.0,75.7
bettercap/bettercap,https://github.com/bettercap/bettercap,Go,19113,2018-01-07T15:30:41Z,6,3,160.0,5.791666666666667,72.59666666666666,83,0.8273,80,0.0,1,0.0,1,0.92,0,1.0,0.1538,197.17,0.49,0,0.0,0.0,2310,115500,184800,1155,12320.0,480.7,421.8,67487.5,19801.7,76.2
golangci/golangci-lint,https://github.com/golangci/golangci-lint,Go,18842,2018-05-04T13:41:15Z,3,3,160.07,0.0,0.0,367,0.3399,0,0.0,1,0.0,0,0.0,0,9.657,-0.0979,13.95,0.0,0,0.0173,0.0,2339,116950,187120,1169,12474.7,0.0,356.13,56981.2,17633.6,71.4
TecharoHQ/anubis,https://github.com/TecharoHQ/anubis,Go,18766,2025-03-17T17:35:28Z,1,3,160.23,6.8741666666666665,27.718611111111112,167,0.5414,70,0.0,1,1.0,1,1.0,1,12.821,0.3147,13.39,0.26,39,0.1199,0.0,689,34450,55120,344,3674.7,1148.0,98.69,15789.9,5339.7,79.8
bluenviron/mediamtx,https://github.com/bluenviron/mediamtx,Go,18571,2019-12-28T20:08:43Z,0,3,160.0,0.0,0.0,110,0.9324,0,0.0,1,1.0,1,0.74,0,7.194,0.0,0.0,0.36,0,0.0395,0.0,2604,130200,208320,1302,13888.0,0.0,478.34,76533.9,22250.8,75.7
golang-migrate/migrate,https://github.com/golang-migrate/migrate,Go,18394,2018-01-19T09:30:58Z,37,3,160.12,42.48555555555556,65.31166666666667,227,0.424,73,0.0,1,2.0,1,0.52,0,14.272,-0.014,88.63,0.3,0,0.0105,0.0,1283,64150,102640,641,6842.7,9644.2,189.57,30331.1,12380.8,77.7
livekit/livekit,https://github.com/livekit/livekit,Go,18371,2020-09-30T06:49:46Z,0,3,160.0,4.604166666666667,36.29708333333333,91,0.4666,79,0.0,1,1.0,1,0.92,1,13.143,0.3007,26.77,0.18,0,0.0016,0.0,3470,173500,277600,1735,18506.7,419.0,538.86,86217.5,26622.6,85.3
google/gvisor,https://github.com/google/gvisor,Go,18168,2018-04-26T21:28:49Z,0,3,160.02,48.62388888888889,75.83111111111111,286,0.0991,77,0.0,1,2.0,1,0.88,1,12.159,1.1329,0.0,0.05,0,0.2354,0.0,10335,516750,826800,5167,55120.0,13906.4,1694.95,271191.3,85970.2,89.0
TheAlgorithms/Go,https://github.com/TheAlgorithms/Go,Go,17991,2016-08-20T16:32:12Z,25,3,160.0,186.80805555555557,904.5370833333334,178,0.0821,55,0.0,1,1.0,1,0.84,0,9.052,0.0,30.92,0.23,0,0.0,0.0,548,27400,43840,274,2922.7,33251.8,77.6,12415.6,13920.0,75.3
zincsearch/zincsearch,https://github.com/zincsearch/zincsearch,Go,17817,2021-12-02T12:49:41Z,92,3,160.0,19.913888888888888,310.87430555555557,60,0.428,67,0.0,1,1.0,1,0.8333,1,12.892,0.0,26.55,0.22,0,0.0674,0.0,514,25700,41120,257,2741.3,1194.8,72.55,11608.1,4050.7,70.8
joewalnes/websocketd,https://github.com/joewalnes/websocketd,Go,17482,2013-02-14T14:52:55Z,1,3,160.0,15.066944444444445,931.0611111111111,41,0.4623,67,0.0,1,1.0,0,0.0,0,15.769,0.0385,221.68,0.09,0,0.156,0.0,212,10600,16960,106,1130.7,617.7,28.63,4580.4,1666.7,58.5
rqlite/rqlite,https://github.com/rqlite/rqlite,Go,17443,2014-08-23T04:31:18Z,4,3,160.0,0.3938888888888889,15.735277777777778,52,0.9807,39,0.0,1,1.0,1,0.96,0,15.308,-2.1364,5.7,0.19,0,0.0944,0.0,7974,398700,637920,3987,42528.0,20.5,1549.07,247851.2,70840.4,74.9
sqlc-dev/sqlc,https://github.com/sqlc-dev/sqlc,Go,17400,2019-06-21T21:11:35Z,1,3,160.0,1.4490277777777778,570.0288888888889,239,0.5474,36,0.0,1,0.0,1,0.5,0,14.266,0.9091,52.19,0.29,0,0.054,0.0,1456,72800,116480,728,7765.3,346.3,216.5,34639.3,10914.4,79.4
tinygo-org/tinygo,https://github.com/tinygo-org/tinygo,Go,17381,2018-06-07T16:39:19Z,0,3,160.0,20.627222222222223,96.69555555555556,219,0.5033,33,0.0,1,1.0,1,0.74,1,14.831,1.4021,42.67,0.66,0,0.0808,0.0,4534,226700,362720,2267,24181.3,4517.4,713.57,114170.9,36280.1,85.0
slackhq/nebula,https://github.com/slackhq/nebula,Go,17278,2019-11-16T23:26:23Z,0,3,160.27,17.133194444444445,53.92111111111112,78,0.3063,82,0.0,1,1.0,1,0.64,1,13.672,0.6678,78.27,0.0,0,0.0064,0.0,591,29550,47280,295,3152.0,1336.4,84.0,13440.5,4665.0,80.8
yorukot/superfile,https://github.com/yorukot/superfile,Go,17207,2024-03-19T15:49:52Z,2,3,160.0,2.903611111111111,226.8375,103,0.5405,67,0.0,1,1.0,1,0.92,0,5.19,0.1678,24.14,0.35,0,0.1197,0.0,1924,96200,153920,962,10261.3,299.1,290.1,46415.7,14503.5,79.4
keploy/keploy,https://github.com/keploy/keploy,Go,17103,2022-01-19T10:40:31Z,0,3,160.12,10.636666666666667,6.981111111111111,118,0.1543,53,0.0,1,2.0,1,0.92,1,7.541,1.2657,1.06,0.35,0,0.012,0.0,1329,66450,106320,664,7088.0,1255.1,196.71,31473.9,10215.3,88.5
ory/hydra,https://github.com/ory/hydra,Go,17087,2015-05-22T12:42:08Z,11,3,160.0,0.0,387.4190277777777,297,0.533,0,0.0,1,13.0,1,0.7,1,11.603,-0.3042,84.17,0.03,15,0.0704,0.0,3490,174500,279200,1745,18613.3,0.0,542.12,86739.4,26654.5,83.8
ent/ent,https://github.com/ent/ent,Go,17039,2019-06-12T22:53:55Z,11,3,160.08,1.1622222222222223,91.54402777777779,231,0.6587,1,0.0,1,1.0,1,0.78,0,11.596,-0.0455,140.13,0.15,0,0.1563,0.0,2121,106050,169680,1060,11312.0,268.5,321.36,51418.3,16020.2,77.5
probelabs/goreplay,https://github.com/probelabs/goreplay,Go,19288,2013-05-30T09:29:07Z,87,3,160.0,0.0,0.0,115,0.7054,0,0.0,1,1.5,0,0.0,0,17.344,0.0,0.0,0.0,0,0.1428,0.0,1212,60600,96960,606,6464.0,0.0,214.28,34285.4,10089.1,60.7
rustdesk/rustdesk,https://github.com/rustdesk/rustdesk,Rust,112875,2020-09-28T15:36:08Z,0,3,160.02,1.7097222222222221,2.4075,383,0.41,59,0.0,1,1.0,1,0.82,0,7.256,0.1748,75.62,0.2,0,0.3404,0.0,10493,524650,839440,5246,55962.7,654.8,1722.16,275546.2,83287.0,80.9
rust-lang/rust,https://github.com/rust-lang/rust,Rust,112321,2010-06-16T20:39:03Z,0,3,160.0,42.416111111111114,40.67583333333334,442,0.1727,51,0.0,1,1.0,1,0.68,1,14.037,-12.2762,13.58,0.11,2,0.0964,0.0,277972,13898600,22237760,138986,1482517.3,18747.9,53744.11,8599057.1,2466694.4,88.3
denoland/deno,https://github.com/denoland/deno,Rust,106528,2018-05-15T01:34:26Z,0,3,160.01,18.17861111111111,28.7975,431,0.1789,30,0.0,1,1.0,1,0.56,1,12.776,-1.2692,7.93,0.54,0,0.4109,0.0,14677,733850,1174160,7338,78277.3,7835.0,2449.62,391939.4,119877.0,88.2
tauri-apps/tauri,https://github.com/tauri-apps/tauri,Rust,105855,2019-07-13T09:09:37Z,1,3,160.0,6.448611111111111,21.163194444444443,445,0.4845,51,0.0,1,1.0,1,0.38,0,9.027,-0.2902,5.07,0.15,21,0.1666,0.0,4440,222000,355200,2220,23680.0,2869.6,698.04,111686.8,35038.2,80.1
astral-sh/uv,https://github.com/astral-sh/uv,Rust,83899,2023-10-02T20:24:11Z,0,3,160.0,0.32305555555555554,9.50611111111111,467,0.3876,54,0.0,1,1.0,1,0.56,1,13.071,-0.8601,2.51,0.04,74,0.0199,0.0,7820,391000,625600,3910,41706.7,150.9,1264.73,202356.3,61369.9,86.1
zed-industries/zed,https://github.com/zed-industries/zed,Rust,79748,2021-02-20T03:01:06Z,0,3,160.0,3.280555555555556,2.2784722222222222,480,0.1252,86,0.0,1,1.0,1,0.36,0,14.934,-1.0909,1.48,0.03,0,0.0212,0.0,35477,1773850,2838160,17738,189210.7,1574.7,6188.34,990134.0,293104.6,83.7
openai/codex,https://github.com/openai/codex,Rust,77815,2025-04-13T05:37:54Z,0,3,160.0,0.5868055555555556,0.4748611111111111,419,0.1483,54,0.0,1,5.5,1,0.74,0,4.665,1.2448,0.31,0.15,22,0.0369,0.0,5672,283600,453760,2836,30250.7,245.9,902.72,144435.1,44086.1,83.5
unionlabs/union,https://github.com/unionlabs/union,Rust,74128,2023-05-16T22:33:39Z,1,3,160.01,2.3983333333333334,7.6154166666666665,29,0.206,95,0.0,1,1.0,1,0.2,0,9.811,-1.2308,28.26,0.07,7,0.232,0.0,16293,814650,1303440,8146,86896.0,69.6,2733.57,437371.9,130943.3,82.9
alacritty/alacritty,https://github.com/alacritty/alacritty,Rust,63658,2016-02-18T05:02:30Z,10,3,160.07,10.544444444444444,4.408611111111111,440,0.3115,63,0.0,1,2.0,1,0.84,0,11.501,0.035,54.63,0.35,0,0.0397,0.0,2433,121650,194640,1216,12976.0,4639.6,371.18,59388.0,19757.5,81.1
BurntSushi/ripgrep,https://github.com/BurntSushi/ripgrep,Rust,62934,2016-03-11T02:02:33Z,57,3,160.07,6.34375,4.081944444444445,419,0.7112,82,0.0,1,1.0,1,0.74,1,15.414,-0.0734,184.05,0.35,0,0.0545,0.0,2157,107850,172560,1078,11504.0,2658.0,392.51,62802.0,19109.8,78.1
rust-lang/rustlings,https://github.com/rust-lang/rustlings,Rust,62616,2015-09-15T02:25:18Z,0,3,160.07,10.959722222222222,51.33819444444444,411,0.3985,81,0.0,1,1.5,1,0.92,1,8.125,0.3916,74.77,0.24,0,0.0223,0.0,2457,122850,196560,1228,13104.0,4504.4,375.02,60003.3,19904.0,86.0
FuelLabs/sway,https://github.com/FuelLabs/sway,Rust,61755,2021-01-19T20:54:33Z,1,3,160.05,21.773333333333333,171.24027777777778,150,0.0887,94,0.0,1,2.0,1,0.68,1,11.458,-0.1643,25.77,0.04,0,0.2906,0.0,3527,176350,282160,1763,18810.7,3266.0,548.16,87705.2,27926.2,89.0
dani-garcia/vaultwarden,https://github.com/dani-garcia/vaultwarden,Rust,59250,2018-02-17T22:40:20Z,3,3,160.0,2.3141666666666665,0.9837500000000001,164,0.4504,97,0.0,1,1.0,1,0.52,0,14.814,0.2552,38.61,0.42,0,0.1669,0.0,2944,147200,235520,1472,15701.3,379.5,453.43,72549.5,22474.4,80.2
sharkdp/bat,https://github.com/sharkdp/bat,Rust,58541,2018-04-21T10:52:23Z,5,3,160.05,3.4329166666666664,192.01333333333332,410,0.3214,92,0.0,1,1.0,1,0.64,1,11.401,-1.3252,99.27,0.29,0,0.0251,0.0,3211,160550,256880,1605,17125.3,1407.5,496.71,79473.4,24879.6,86.4
meilisearch/meilisearch,https://github.com/meilisearch/meilisearch,Rust,57305,2018-04-23T11:45:28Z,0,3,160.01,1.5433333333333332,31.236944444444447,214,0.3308,91,0.0,1,1.0,1,0.56,0,10.831,-1.1678,4.66,0.0,0,0.0008,0.0,11723,586150,937840,5861,62522.7,330.3,1934.73,309556.9,93271.8,81.7
FuelLabs/fuel-core,https://github.com/FuelLabs/fuel-core,Rust,57132,2020-08-27T21:12:14Z,0,3,160.12,15.768333333333333,235.69958333333332,62,0.2227,89,0.0,1,1.0,1,0.84,1,11.087,0.3287,28.87,0.17,0,0.0023,0.0,1365,68250,109200,682,7280.0,977.6,202.31,32369.7,10407.2,87.8
rust-unofficial/awesome-rust,https://github.com/rust-unofficial/awesome-rust,Rust,56937,2014-07-17T10:45:10Z,0,3,160.04,8.856388888888889,0.20916666666666667,444,0.4294,91,0.0,1,0.0,1,0.88,0,15.289,0.5804,0.0,0.17,0,0.0,0.0,4343,217150,347440,2171,23162.7,3932.2,682.04,109126.2,34586.2,80.7
starship/starship,https://github.com/starship/starship,Rust,56866,2019-04-02T03:23:12Z,1,3,160.08,11.463888888888889,82.87041666666667,448,0.3205,94,0.0,1,1.5,1,0.86,0,10.477,0.1608,47.42,0.29,0,0.0408,0.0,1941,97050,155280,970,10352.0,5135.8,292.79,46846.4,16086.0,81.7
typst/typst,https://github.com/typst/typst,Rust,53029,2019-09-24T21:41:56Z,1,3,160.04,9.04486111111111,2.706666666666667,421,0.5421,76,0.0,1,2.0,1,0.6,1,9.968,-1.2937,49.6,0.0,0,0.1542,0.0,4503,225150,360240,2251,24016.0,3807.9,708.45,113351.4,35820.6,84.5
farion1231/cc-switch,https://github.com/farion1231/cc-switch,Rust,51131,2025-08-04T14:16:16Z,0,3,160.0,11.315555555555555,18.84638888888889,98,0.8546,74,0.0,1,1.0,1,0.18,1,7.346,2.7587,6.91,0.06,61,0.4281,0.0,1596,79800,127680,798,8512.0,1108.9,286.09,45773.6,13743.4,81.5
ruvnet/RuView,https://github.com/ruvnet/RuView,Rust,50229,2025-06-07T04:32:30Z,2,3,160.4,0.9016666666666666,24.31513888888889,11,0.7834,29,0.0,1,1.0,1,0.04,1,13.734,-0.5524,2.98,0.04,15,0.4883,0.0,397,19850,31760,198,2117.3,9.9,66.38,10620.9,3185.8,66.2
tw93/Pake,https://github.com/tw93/Pake,Rust,48141,2022-10-14T09:32:57Z,3,3,160.08,1.9847222222222223,37.05722222222222,56,0.7065,45,0.0,1,1.0,1,0.78,1,10.791,-0.0629,52.42,0.35,53,0.0751,0.0,1973,98650,157840,986,10522.7,111.1,357.43,57189.3,16732.5,82.7
astral-sh/ruff,https://github.com/astral-sh/ruff,Rust,47241,2022-08-09T17:17:44Z,0,3,160.0,0.3375,12.372361111111111,452,0.2898,79,0.0,1,2.0,1,0.98,0,11.829,-2.1189,3.08,0.07,83,0.0358,0.0,13128,656400,1050240,6564,70016.0,152.6,2178.9,348624.8,104778.7,82.1
bevyengine/bevy,https://github.com/bevyengine/bevy,Rust,45744,2020-01-18T21:13:55Z,0,3,160.02,15.257361111111113,32.900277777777774,427,0.13,82,0.0,1,2.0,1,0.5,1,12.459,1.5944,20.33,0.2,0,0.0572,0.0,9693,484650,775440,4846,51696.0,6514.9,1584.57,253530.9,78508.6,88.7
helix-editor/helix,https://github.com/helix-editor/helix,Rust,44099,2020-06-01T04:26:56Z,1,3,160.03,6.1090277777777775,14.716944444444444,414,0.2321,84,0.0,1,1.0,1,0.72,0,10.95,-0.9161,58.67,0.25,0,0.2195,0.0,5665,283250,453200,2832,30213.3,2529.1,901.55,144247.9,44715.0,82.6
FuelLabs/fuels-rs,https://github.com/FuelLabs/fuels-rs,Rust,43243,2021-10-31T22:33:54Z,18,3,160.18,6.568888888888889,123.47,54,0.2408,97,0.0,1,2.0,1,0.76,0,9.846,0.0664,34.25,0.08,0,0.0815,0.0,897,44850,71760,448,4784.0,354.7,130.19,20829.6,6664.3,79.5
aaif-goose/goose,https://github.com/aaif-goose/goose,Rust,43203,2024-08-23T19:03:36Z,0,3,160.0,22.350555555555555,8.428888888888888,432,0.0614,95,0.0,1,1.0,1,0.36,0,11.488,-3.7203,3.36,0.02,0,0.5029,0.0,4156,207800,332480,2078,22165.3,9655.4,651.24,104197.9,34818.9,84.4
sharkdp/fd,https://github.com/sharkdp/fd,Rust,42700,2017-05-09T21:27:10Z,1,3,160.1,18.515416666666667,22.639305555555556,193,0.3715,82,0.0,1,1.5,1,0.58,1,12.312,0.2063,102.58,0.27,0,0.0709,0.0,1599,79950,127920,799,8528.0,3573.5,238.87,38220.0,12980.0,86.2
juspay/hyperswitch,https://github.com/juspay/hyperswitch,Rust,42536,2022-10-17T11:18:28Z,0,3,160.03,19.7375,14.288055555555555,243,0.0389,99,0.0,1,2.0,1,0.7,0,6.531,-0.9545,30.76,0.03,5,0.1723,0.0,6089,304450,487120,3044,32474.7,4796.2,972.53,155604.8,48797.2,84.6
nushell/nushell,https://github.com/nushell/nushell,Rust,39165,2019-05-10T16:59:42Z,0,3,160.02,0.2538888888888889,8.954444444444444,417,0.1592,36,0.0,1,1.0,1,0.84,1,13.154,0.5699,15.63,0.1,0,0.0278,0.0,9125,456250,730000,4562,48666.7,105.9,1487.22,237954.7,71956.1,88.4
lapce/lapce,https://github.com/lapce/lapce,Rust,38320,2018-02-06T08:41:06Z,10,3,160.0,10.546388888888888,119.20361111111112,169,0.5888,65,0.0,1,2.5,1,0.74,0,12.814,0.028,64.36,0.16,0,0.0132,0.0,3436,171800,274880,1718,18325.3,1782.3,533.32,85330.7,26763.5,78.3
pola-rs/polars,https://github.com/pola-rs/polars,Rust,38293,2020-05-13T19:45:33Z,0,3,160.01,1.3138888888888889,18.357916666666668,444,0.4444,79,0.0,1,1.0,1,0.88,0,12.541,-2.5315,9.27,0.1,0,0.3691,0.0,13537,676850,1082960,6768,72197.3,583.4,2250.24,360037.9,108281.2,80.6
spacedriveapp/spacedrive,https://github.com/spacedriveapp/spacedrive,Rust,37887,2021-09-27T05:09:04Z,6,3,160.0,6.933472222222222,22.481666666666666,113,0.4176,56,0.0,1,1.0,1,0.0,0,9.246,-0.6538,63.68,0.36,28,0.2333,0.0,4864,243200,389120,2432,25941.3,783.5,768.2,122911.6,37788.0,80.3
sxyazi/yazi,https://github.com/sxyazi/yazi,Rust,37033,2023-07-08T11:45:55Z,3,3,160.0,9.286944444444444,3.4469444444444446,164,0.7676,77,0.0,1,1.0,1,1.0,0,10.075,-0.1294,44.0,0.26,0,0.0576,0.0,1390,69500,111200,695,7413.3,1523.1,247.44,39591.0,12081.8,77.1
servo/servo,https://github.com/servo/servo,Rust,36543,2012-02-08T19:07:25Z,0,3,160.0,20.704861111111114,16.068055555555553,407,0.0846,78,0.0,1,1.0,1,0.74,1,14.671,1.6853,8.16,0.29,36,0.3757,0.0,35717,1785850,2857360,17858,190490.7,8426.9,6232.3,997168.3,297207.1,89.2
ajeetdsouza/zoxide,https://github.com/ajeetdsouza/zoxide,Rust,36057,2020-03-05T13:11:40Z,12,3,160.0,7.076944444444445,91.37472222222222,99,0.769,80,0.0,1,3.0,1,0.92,1,13.114,-0.2028,68.15,0.25,0,0.2021,0.0,554,27700,44320,277,2954.7,700.6,94.19,15070.1,4701.6,74.6
GyulyVGC/sniffnet,https://github.com/GyulyVGC/sniffnet,Rust,36012,2022-07-31T21:55:56Z,0,3,160.0,2.35,3.5883333333333334,65,0.8829,63,0.0,1,1.0,1,0.72,0,4.671,0.4825,68.86,0.25,0,0.0119,0.0,2554,127700,204320,1277,13621.3,152.8,468.7,74991.7,21854.8,76.2
