full_name,url,language,stars,created_at,days_inactive,lot,code_churn_normalized,pr_merge_time_median_h,issues_resolution_time_h,active_contributors,bus_factor_ratio,pr_count_merged,comment_per_pr_avg,closed_issues,review_cycle_count,has_ci,ci_success_rate,has_tests,weighted_experience,commit_velocity_trend,release_regularity,weekend_commit_ratio,dependency_count,language_diversity,avg_file_size_loc,total_commits,net_loc,churn_loc,active_days,churn_hours,cycle_time_hours,cocomo_pm,cocomo_hours,effort_target,reliability_score
public-apis/public-apis,https://github.com/public-apis/public-apis,Python,426197,2016-03-20T23:49:42Z,36,1,160.05,9.941805555555554,21.301666666666666,423,0.2406,68,0.0,1,0.0,1,0.0,0,10.108,-0.021,0.0,0.31,0,0.0323,0.0,3433,171650,274640,1716,18309.3,4205.4,532.83,85252.5,27466.8,79.6
EbookFoundation/free-programming-books,https://github.com/EbookFoundation/free-programming-books,Python,385971,2013-10-11T06:50:37Z,0,1,160.03,3.1675,50.11069444444445,430,0.2662,76,0.0,1,1.0,1,0.88,0,13.376,0.1084,0.0,0.13,0,0.0107,0.0,5793,289650,463440,2896,30896.0,1362.0,922.95,147672.1,45391.0,82.3
donnemartin/system-design-primer,https://github.com/donnemartin/system-design-primer,Python,343944,2017-02-26T16:15:28Z,35,1,160.5,76.24027777777778,931.0930555555556,122,0.5486,63,0.0,1,2.0,0,0.0,0,12.837,-0.0035,0.0,0.41,0,0.0204,0.0,319,15950,25520,159,1701.3,9301.3,43.97,7034.4,5047.9,56.4
vinta/awesome-python,https://github.com/vinta/awesome-python,Python,294157,2014-06-27T21:00:06Z,2,1,160.07,6.978055555555556,0.0,407,0.6492,92,0.0,1,1.0,1,0.94,0,14.623,4.028,0.0,0.5,17,0.4143,0.0,2181,109050,174480,1090,11632.0,2840.1,330.92,52946.6,17257.3,78.3
TheAlgorithms/Python,https://github.com/TheAlgorithms/Python,Python,220135,2016-07-16T09:44:01Z,10,1,160.06,7.246944444444445,0.0,450,0.1029,75,0.0,1,2.0,1,0.88,0,9.854,0.0804,0.0,0.28,136,0.0017,0.0,2527,126350,202160,1263,13477.3,3261.1,386.25,61799.5,20076.9,83.1
Significant-Gravitas/AutoGPT,https://github.com/Significant-Gravitas/AutoGPT,Python,183727,2023-03-16T09:21:07Z,0,1,160.02,9.92625,6.4783333333333335,427,0.1386,40,0.0,1,2.0,1,0.82,0,8.114,2.5874,4.99,0.03,0,0.2948,0.0,7761,388050,620880,3880,41392.0,4238.5,1254.71,200753.6,62118.3,83.6
AUTOMATIC1111/stable-diffusion-webui,https://github.com/AUTOMATIC1111/stable-diffusion-webui,Python,162574,2022-08-22T14:05:26Z,53,1,160.02,2.154861111111111,27.544444444444444,428,0.4948,66,0.0,1,1.0,1,0.38,1,9.612,0.0,42.4,0.58,7,0.1254,0.0,7337,366850,586960,3668,39130.7,922.3,1182.84,189253.6,57692.8,80.6
huggingface/transformers,https://github.com/huggingface/transformers,Python,159869,2018-10-29T13:56:00Z,0,1,160.01,22.592777777777776,34.76555555555556,437,0.0779,72,0.0,1,2.0,1,0.56,1,10.482,-1.8636,10.07,0.0,114,0.0007,0.0,17911,895550,1432880,8955,95525.3,9873.0,3019.3,483087.2,147342.0,89.2
yt-dlp/yt-dlp,https://github.com/yt-dlp/yt-dlp,Python,158394,2020-10-26T04:22:55Z,4,1,160.0,12.634166666666667,17.836666666666666,379,0.298,79,0.0,1,3.0,1,0.84,1,13.273,-0.9476,11.48,0.33,244,0.0013,0.0,21682,1084100,1734560,10841,115637.3,4788.3,3690.07,590410.5,177337.2,86.7
521xueweihan/HelloGitHub,https://github.com/521xueweihan/HelloGitHub,Python,152823,2016-05-04T06:24:11Z,22,1,160.72,29.76763888888889,468.2741666666667,10,0.9462,16,0.0,1,1.0,0,0.0,0,11.699,0.0245,6.02,0.11,0,0.0,0.0,223,11150,17840,111,1189.3,297.7,36.23,5796.3,1843.2,44.5
langflow-ai/langflow,https://github.com/langflow-ai/langflow,Python,147336,2023-02-08T22:28:03Z,0,1,160.0,1.571388888888889,32.35638888888889,318,0.4275,62,0.0,1,1.0,1,0.62,0,7.759,3.3462,7.56,0.07,1,0.4123,0.0,17314,865700,1385120,8657,92341.3,499.7,2913.71,466194.4,139559.4,80.7
ytdl-org/youtube-dl,https://github.com/ytdl-org/youtube-dl,Python,140136,2010-10-31T14:35:07Z,63,1,160.0,25.635555555555555,19.635833333333334,387,0.3786,69,0.0,1,1.0,1,0.7568,1,13.927,0.0,34.55,0.07,0,0.0031,0.0,17900,895000,1432000,8950,95466.7,9921.0,3017.35,482775.7,147264.8,81.0
langchain-ai/langchain,https://github.com/langchain-ai/langchain,Python,134778,2022-10-17T02:58:36Z,0,1,160.01,4.0801388888888885,4.225833333333333,467,0.1294,52,0.0,1,1.0,1,0.72,0,10.619,-0.5629,0.93,0.02,0,0.0071,0.0,10803,540150,864240,5401,57616.0,1905.4,1775.63,284100.1,86199.6,83.7
open-webui/open-webui,https://github.com/open-webui/open-webui,Python,133858,2023-10-06T22:08:27Z,0,1,160.01,0.6883333333333334,45.025,388,0.7491,25,0.0,1,1.0,1,0.64,1,9.198,-1.7098,9.04,0.15,104,0.6465,0.0,15407,770350,1232560,7703,82170.7,267.1,3093.25,494920.0,140149.5,82.5
microsoft/markitdown,https://github.com/microsoft/markitdown,Python,116410,2024-11-13T19:56:40Z,3,1,160.0,18.595277777777778,68.4686111111111,75,0.3367,65,0.0,1,2.0,1,0.02,0,11.07,-0.0035,31.43,0.12,0,0.0033,0.0,300,15000,24000,150,1600.0,1394.6,41.22,6595.2,2537.4,70.9
NousResearch/hermes-agent,https://github.com/NousResearch/hermes-agent,Python,114571,2025-07-22T22:22:28Z,0,1,160.03,13.282916666666667,2.537777777777778,376,0.6284,36,0.0,1,1.0,1,0.08,1,4.706,78.9266,1.58,0.0,15,0.1241,0.0,5441,272050,435280,2720,29018.7,4994.4,864.16,138265.0,43660.7,83.7
Comfy-Org/ComfyUI,https://github.com/Comfy-Org/ComfyUI,Python,109914,2023-01-17T03:15:56Z,0,1,160.0,9.063611111111111,23.206944444444446,291,0.6173,69,0.0,1,1.0,1,1.0,1,4.035,-2.1678,3.78,0.17,10,0.0051,0.0,5046,252300,403680,2523,26912.0,2637.5,798.41,127745.1,39796.3,83.8
Shubhamsaboo/awesome-llm-apps,https://github.com/Shubhamsaboo/awesome-llm-apps,Python,107310,2024-04-29T05:30:25Z,5,1,160.0,27.05361111111111,34.874583333333334,77,0.5209,71,0.0,1,0.0,1,0.0,0,6.553,-1.5664,0.0,0.32,0,0.3133,0.0,958,47900,76640,479,5109.3,2083.1,139.5,22319.5,7643.5,78.7
pytorch/pytorch,https://github.com/pytorch/pytorch,Python,99411,2016-08-13T05:26:41Z,0,1,160.0,1.2583333333333333,21.76763888888889,320,0.0678,89,0.0,1,0.0,1,0.5,1,11.467,4.4371,28.54,0.0,7,0.3747,0.0,73600,3680000,5888000,36800,392533.3,402.7,13315.32,2130450.4,622477.5,89.3
openai/whisper,https://github.com/openai/whisper,Python,98308,2022-09-16T20:02:54Z,8,1,160.0,17.69972222222222,0.0,79,0.4337,53,0.0,1,1.5,1,0.88,1,15.151,0.049,109.84,0.11,2,0.0,0.0,166,8300,13280,83,885.3,1398.3,22.14,3542.9,1570.7,72.5
fastapi/fastapi,https://github.com/fastapi/fastapi,Python,97609,2018-12-08T08:21:47Z,0,1,160.0,20.613055555555555,1.2225,456,0.5902,54,0.0,1,4.5,1,0.96,1,11.945,-5.8706,8.17,0.0,202,0.0005,0.0,3480,174000,278400,1740,18560.0,9399.6,540.49,86478.5,29395.6,84.1
hacksider/Deep-Live-Cam,https://github.com/hacksider/Deep-Live-Cam,Python,92171,2023-09-24T13:19:31Z,0,1,160.27,6.850833333333333,15.521666666666667,63,0.494,43,0.0,1,1.0,1,0.86,0,10.217,0.6503,20.1,0.31,10,0.0003,0.0,583,29150,46640,291,3109.3,431.6,82.81,13249.6,4334.1,73.8
github/spec-kit,https://github.com/github/spec-kit,Python,90646,2025-08-21T22:54:31Z,0,1,160.2,3.0619444444444444,15.636805555555556,168,0.4408,29,0.0,1,2.0,1,0.86,1,7.742,4.1434,1.71,0.0,46,0.0838,0.0,819,40950,65520,409,4368.0,514.4,118.33,18932.1,6124.7,82.9
browser-use/browser-use,https://github.com/browser-use/browser-use,Python,89932,2024-10-31T16:00:56Z,3,1,160.02,9.920555555555556,81.41486111111111,306,0.3421,38,0.0,1,1.0,1,0.26,1,9.051,-6.7483,6.13,0.19,136,0.0197,0.0,9115,455750,729200,4557,48613.3,3035.7,1485.51,237680.9,72753.5,86.3
django/django,https://github.com/django/django,Python,87325,2012-04-28T02:47:18Z,0,1,160.01,5.646805555555556,0.0,394,0.1185,14,0.0,1,1.0,1,0.56,1,16.171,-0.2937,0.0,0.26,7,0.0283,0.0,29729,1486450,2378320,14864,158554.7,2224.8,5140.07,822411.3,244427.1,88.8
3b1b/manim,https://github.com/3b1b/manim,Python,86261,2015-03-22T18:50:58Z,6,1,160.03,7.871388888888889,24.687916666666666,172,0.7834,49,0.0,1,1.0,1,0.0,0,10.583,-0.5315,244.97,0.03,7,0.0364,0.0,6181,309050,494480,3090,32965.3,1353.9,1185.56,189689.2,54826.7,76.7
home-assistant/core,https://github.com/home-assistant/core,Python,86173,2013-09-17T07:29:48Z,0,1,160.0,6.818888888888889,2.3516666666666666,423,0.0938,74,0.0,1,2.0,1,0.54,1,13.555,-2.5769,2.7,0.0,25,0.0001,0.0,94305,4715250,7544400,47152,502960.0,2884.4,17273.93,2763829.1,805111.1,89.1
bregman-arie/devops-exercises,https://github.com/bregman-arie/devops-exercises,Python,82151,2019-10-03T17:31:21Z,118,1,160.0,4.716666666666667,203.88333333333333,205,0.1626,69,0.0,1,1.0,1,0.4359,1,8.619,0.0,0.0,0.3,0,0.3388,0.0,406,20300,32480,203,2165.3,966.9,56.63,9061.5,3185.0,69.6
sherlock-project/sherlock,https://github.com/sherlock-project/sherlock,Python,81858,2018-12-24T14:30:48Z,0,1,160.06,8.946111111111112,14.591527777777777,270,0.3121,70,0.0,1,1.0,1,0.52,1,10.237,0.2448,0.0,0.32,37,0.0279,0.0,2781,139050,222480,1390,14832.0,2415.5,427.11,68337.8,21808.2,86.9
infiniflow/ragflow,https://github.com/infiniflow/ragflow,Python,78935,2023-12-12T06:13:13Z,0,1,160.0,0.26,1.8411111111111111,462,0.2011,9,0.0,1,1.0,1,0.46,1,10.323,2.2972,15.95,0.0,162,0.542,0.0,5778,288900,462240,2889,30816.0,120.1,920.44,147270.6,44898.2,88.0
vllm-project/vllm,https://github.com/vllm-project/vllm,Python,78029,2023-02-09T11:23:20Z,0,1,160.0,20.434444444444445,0.915,459,0.0675,74,0.0,1,3.0,1,0.46,1,8.916,-3.1853,10.82,0.0,95,0.1179,0.0,13198,659900,1055840,6599,70389.3,9379.4,2191.11,350576.9,108123.9,89.3
tensorflow/models,https://github.com/tensorflow/models,Python,77666,2016-02-05T01:15:20Z,1,1,160.02,47.61541666666667,427.46194444444444,357,0.1986,66,0.0,1,1.0,1,0.78,0,11.454,-0.1119,60.52,0.04,0,0.147,0.0,8303,415150,664240,4151,44282.7,16998.7,1346.87,215499.6,70340.9,82.9
swisskyrepo/PayloadsAllTheThings,https://github.com/swisskyrepo/PayloadsAllTheThings,Python,77163,2016-10-18T07:29:07Z,2,1,160.0,2.683333333333333,0.0,292,0.6311,91,0.0,1,1.0,1,0.78,0,10.674,0.007,358.2,0.35,0,0.2377,0.0,2044,102200,163520,1022,10901.3,783.5,309.13,49460.1,15577.7,78.5
PaddlePaddle/PaddleOCR,https://github.com/PaddlePaddle/PaddleOCR,Python,76467,2020-05-08T10:38:16Z,1,1,160.02,1.1958333333333333,95.0425,275,0.1851,43,0.0,1,1.0,1,0.76,1,9.285,-0.3252,93.7,0.03,4,0.2687,0.0,6759,337950,540720,3379,36048.0,328.9,1085.19,173630.6,52848.8,88.1
python/cpython,https://github.com/python/cpython,Python,72441,2017-02-10T19:23:51Z,0,1,160.0,13.380416666666667,11.157083333333333,353,0.0954,76,0.0,1,3.5,1,0.82,0,14.775,1.8042,0.0,0.13,0,0.3825,0.0,118147,5907350,9451760,59073,630117.3,4723.3,21886.36,3501817.9,1016839.2,84.0
josephmisiti/awesome-machine-learning,https://github.com/josephmisiti/awesome-machine-learning,Python,72282,2014-07-15T19:11:19Z,3,1,160.0,1.6169444444444445,396.13388888888886,442,0.5221,73,0.0,1,0.0,1,0.0,0,15.019,-0.0385,0.0,0.27,0,0.0,0.0,1812,90600,144960,906,9664.0,714.7,272.39,43582.9,13763.0,79.5
OpenHands/OpenHands,https://github.com/OpenHands/OpenHands,Python,72011,2024-03-13T03:33:31Z,0,1,160.0,6.446805555555556,89.13333333333333,461,0.1098,52,0.0,1,1.0,1,0.78,1,8.439,2.3846,7.91,0.16,153,0.3485,0.0,5612,280600,448960,2806,29930.7,2972.0,892.7,142831.3,44423.2,88.9
pallets/flask,https://github.com/pallets/flask,Python,71447,2010-04-06T11:11:59Z,15,1,160.03,4.629583333333334,1.4694444444444446,398,0.3876,26,0.0,1,0.0,1,0.74,1,15.375,-0.3147,93.84,0.3,128,0.0011,0.0,4729,236450,378320,2364,25221.3,1842.6,745.83,119332.2,37029.9,84.9
hiyouga/LlamaFactory,https://github.com/hiyouga/LlamaFactory,Python,70567,2023-05-28T10:09:12Z,1,1,160.05,3.0275,25.16986111111111,253,0.7338,59,0.0,1,2.0,1,0.18,1,9.889,-0.2832,41.37,0.17,66,0.0034,0.0,2979,148950,238320,1489,15888.0,766.0,550.92,88146.5,25803.1,82.6
binary-husky/gpt_academic,https://github.com/binary-husky/gpt_academic,Python,70522,2023-03-20T09:05:13Z,89,1,160.08,9.690972222222221,110.65472222222222,101,0.6339,60,0.0,1,1.0,1,0.94,1,5.432,0.0,28.68,0.42,15,0.1612,0.0,2103,105150,168240,1051,11216.0,978.8,318.5,50960.2,16093.7,76.2
nextlevelbuilder/ui-ux-pro-max-skill,https://github.com/nextlevelbuilder/ui-ux-pro-max-skill,Python,70102,2025-11-30T11:36:31Z,21,1,161.23,17.089166666666667,104.06486111111111,30,0.3893,42,0.0,1,1.0,1,0.0,0,11.82,-0.1713,12.82,0.19,0,0.2154,0.0,131,6550,10480,65,698.7,512.7,17.27,2763.0,1055.8,66.3
ansible/ansible,https://github.com/ansible/ansible,Python,68408,2012-03-06T14:58:02Z,0,1,160.0,4.641388888888889,54.848055555555554,373,0.1204,69,0.0,1,1.0,0,0.0,1,16.305,0.3776,5.73,0.08,17,0.1337,0.0,42353,2117650,3388240,21176,225882.7,1731.2,7453.46,1192554.2,351971.5,78.8
FoundationAgents/MetaGPT,https://github.com/FoundationAgents/MetaGPT,Python,67390,2023-06-30T09:04:55Z,93,1,160.03,24.955555555555556,1075.9794444444444,116,0.1895,70,0.0,1,1.0,1,0.68,1,9.634,0.0,68.32,0.23,42,0.0251,0.0,4687,234350,374960,2343,24997.3,2894.8,738.87,118219.6,37011.0,80.4
OpenBB-finance/OpenBB,https://github.com/OpenBB-finance/OpenBB,Python,66462,2020-12-20T10:46:38Z,1,1,160.03,10.29875,36.926944444444445,255,0.189,78,0.0,1,1.0,1,0.74,0,7.87,-0.0035,29.16,0.15,0,0.0,0.0,5477,273850,438160,2738,29210.7,2626.2,870.16,139225.8,43238.4,83.0
labmlai/annotated_deep_learning_paper_implementations,https://github.com/labmlai/annotated_deep_learning_paper_implementations,Python,66377,2020-08-25T02:29:34Z,92,1,160.0,22.00875,1048.898888888889,39,0.9045,60,0.0,1,1.5,1,1.0,0,16.406,0.0,0.0,0.33,3,0.1037,0.0,848,42400,67840,424,4522.7,858.3,147.27,23563.9,7231.6,66.0
xtekky/gpt4free,https://github.com/xtekky/gpt4free,Python,66078,2023-03-29T17:00:43Z,3,1,160.04,3.5277777777777777,243.355,259,0.5025,74,0.0,1,1.0,1,0.8,0,10.317,0.8182,3.26,0.53,4,0.0158,0.0,4179,208950,334320,2089,22288.0,913.7,655.02,104803.5,32378.8,79.7
scikit-learn/scikit-learn,https://github.com/scikit-learn/scikit-learn,Python,65912,2010-08-17T09:43:38Z,0,1,160.01,93.50930555555556,9.590555555555556,409,0.1057,40,0.0,1,2.0,1,0.48,0,15.868,0.4266,40.33,0.04,288,0.0742,0.0,24317,1215850,1945360,12158,129690.7,38245.3,4162.32,665970.9,209513.1,83.9
localstack/localstack,https://github.com/localstack/localstack,Python,64878,2016-10-25T23:48:03Z,32,1,160.02,1.3127777777777778,654.5177777777778,424,0.214,77,0.0,1,1.0,1,0.98,1,11.567,-3.7762,16.84,0.02,218,0.0092,0.0,7391,369550,591280,3695,39418.7,556.6,1191.98,190716.4,58019.6,85.2
unclecode/crawl4ai,https://github.com/unclecode/crawl4ai,Python,64545,2024-05-09T09:48:50Z,0,1,160.0,73.28666666666666,59.45472222222222,71,0.6694,41,0.0,1,1.5,1,1.0,1,10.527,-2.2832,22.11,0.44,13,0.0122,0.0,1458,72900,116640,729,7776.0,5203.4,216.81,34689.3,12386.9,83.3
keras-team/keras,https://github.com/keras-team/keras,Python,64035,2015-03-28T00:35:42Z,0,1,160.01,5.480416666666667,98.43166666666667,407,0.3614,66,0.0,1,2.0,1,0.56,0,13.978,0.3217,23.4,0.03,11,0.0001,0.0,10825,541250,866000,5412,57733.3,2230.5,1779.42,284707.6,86477.3,81.4
bytedance/deer-flow,https://github.com/bytedance/deer-flow,Python,63670,2025-05-07T02:50:19Z,0,1,160.09,14.679444444444444,8.381944444444445,232,0.3272,63,0.0,1,2.0,1,0.86,0,10.424,-8.0944,0.0,0.3,0,0.3003,0.0,1861,93050,148880,930,9925.3,3405.6,280.13,44821.2,14948.6,81.7
pathwaycom/pathway,https://github.com/pathwaycom/pathway,Python,63419,2022-11-27T13:01:14Z,0,1,160.0,73.45680555555555,410.2198611111111,37,0.3771,22,0.0,1,1.0,1,0.56,1,6.623,-0.2657,10.87,0.14,95,0.3381,0.0,1872,93600,149760,936,9984.0,2717.9,281.87,45099.4,14827.2,86.2
openinterpreter/open-interpreter,https://github.com/openinterpreter/open-interpreter,Python,63298,2023-07-14T07:10:44Z,2,1,160.0,10.445,64.98805555555555,123,0.7433,51,0.0,1,2.0,1,0.64,1,6.897,0.0315,15.67,0.09,60,0.0154,0.0,3078,153900,246240,1539,16416.0,1284.7,570.16,91224.8,26838.4,82.4
unslothai/unsloth,https://github.com/unslothai/unsloth,Python,62863,2023-11-29T16:50:09Z,0,1,160.0,0.7291666666666666,22.50777777777778,164,0.6148,15,0.0,1,2.0,1,0.98,1,7.722,-15.3427,15.28,0.02,1934,0.3538,0.0,5002,250100,400160,2501,26677.3,119.6,791.1,126575.8,38689.7,83.9
Z4nzu/hackingtool,https://github.com/Z4nzu/hackingtool,Python,62249,2020-04-11T09:21:31Z,40,1,160.0,38.09986111111111,770.6054166666667,36,0.3758,50,0.0,1,1.5,1,0.3793,0,9.461,0.0035,0.0,0.26,4,0.0465,0.0,322,16100,25760,161,1717.3,1371.6,44.4,7103.9,2690.9,67.7
Asabeneh/30-Days-Of-Python,https://github.com/Asabeneh/30-Days-Of-Python,Python,61605,2019-11-19T17:24:16Z,20,1,160.0,5.876666666666667,2018.0783333333334,80,0.6346,39,0.0,1,1.0,1,1.0,0,10.299,0.8322,0.0,0.43,0,0.0498,0.0,706,35300,56480,353,3765.3,470.1,101.25,16199.2,5263.5,72.6
scrapy/scrapy,https://github.com/scrapy/scrapy,Python,61445,2010-02-22T02:01:14Z,0,1,160.02,7.36375,60.95916666666667,373,0.2119,52,0.0,1,1.0,1,0.48,1,16.146,0.4126,62.31,0.01,236,0.0053,0.0,10135,506750,810800,5067,54053.3,2746.7,1660.52,265683.6,80987.4,87.9
opendatalab/MinerU,https://github.com/opendatalab/MinerU,Python,61104,2024-02-29T08:52:34Z,0,1,160.0,0.5052777777777777,5.177638888888889,72,0.9094,24,0.0,1,1.0,1,0.96,1,10.807,5.8182,10.59,0.0,86,0.0072,0.0,4702,235100,376160,2351,25077.3,36.4,889.63,142340.3,41017.6,80.9
commaai/openpilot,https://github.com/commaai/openpilot,Python,60722,2016-11-24T01:33:30Z,0,1,160.0,51.22625,43.117222222222225,426,0.2343,44,0.0,1,2.0,1,0.8,0,12.23,-5.7273,50.95,0.14,153,0.3904,0.0,16302,815100,1304160,8151,86944.0,21822.4,2735.16,437625.5,137543.8,82.7
CorentinJ/Real-Time-Voice-Cloning,https://github.com/CorentinJ/Real-Time-Voice-Cloning,Python,59638,2019-05-26T08:56:15Z,46,1,160.0,9.917916666666667,1309.0636111111112,17,0.9307,42,0.0,1,1.0,1,0.8889,1,11.038,-0.0035,0.0,0.15,30,0.0,0.0,274,13700,21920,137,1461.3,168.6,44.97,7195.6,2220.4,63.7
docling-project/docling,https://github.com/docling-project/docling,Python,58521,2024-07-09T07:50:26Z,0,1,160.0,1.5116666666666667,53.86972222222222,211,0.2324,91,0.0,1,2.0,1,0.72,1,5.988,1.0385,3.1,0.07,206,0.007,0.0,826,41300,66080,413,4405.3,319.0,119.39,19102.0,6118.8,85.1
microsoft/autogen,https://github.com/microsoft/autogen,Python,57403,2023-08-18T11:43:45Z,9,1,160.0,6.059722222222222,139.98888888888888,443,0.131,77,0.0,1,1.0,1,0.16,0,12.783,0.0315,8.73,0.19,0,0.384,0.0,3610,180500,288800,1805,19253.3,2684.5,561.71,89873.6,28406.7,82.9
ultralytics/yolov5,https://github.com/ultralytics/yolov5,Python,57290,2020-05-18T03:45:11Z,1,1,160.0,10.392777777777777,1005.8025,331,0.7653,55,0.0,1,1.0,1,0.96,0,9.084,0.2378,54.61,0.23,34,0.0156,0.0,2850,142500,228000,1425,15200.0,3440.0,525.89,84143.0,25460.6,77.3
virattt/ai-hedge-fund,https://github.com/virattt/ai-hedge-fund,Python,57253,2024-11-29T16:30:01Z,0,1,160.2,10.561666666666667,21.15361111111111,36,0.9184,20,0.0,1,1.0,1,1.0,1,14.55,0.4476,0.0,0.19,28,0.3985,0.0,809,40450,64720,404,4314.7,380.2,140.17,22427.3,6756.9,78.0
zylon-ai/private-gpt,https://github.com/zylon-ai/private-gpt,Python,57205,2023-05-02T09:15:31Z,57,1,160.0,17.7675,52.58,88,0.3885,35,0.0,1,1.0,1,0.4,1,14.241,-0.035,37.75,0.0,121,0.2423,0.0,314,15700,25120,157,1674.7,1563.5,43.24,6918.7,2690.1,71.1
666ghj/MiroFish,https://github.com/666ghj/MiroFish,Python,57193,2025-11-26T04:23:02Z,22,1,160.0,9.547777777777778,20.633055555555558,3,0.8654,2,0.0,1,0.0,1,0.3,0,4.606,0.2727,6.58,0.11,13,0.4234,0.0,260,13000,20800,130,1386.7,28.6,42.56,6810.1,2064.0,50.7
karpathy/nanoGPT,https://github.com/karpathy/nanoGPT,Python,57131,2022-12-28T00:51:12Z,163,1,160.0,82.13777777777777,94.89472222222223,35,0.774,35,0.0,1,0.0,0,0.0,0,15.912,0.0,0.0,0.34,0,0.0,0.0,208,10400,16640,104,1109.3,2874.8,33.67,5387.6,2494.6,41.8
RVC-Boss/GPT-SoVITS,https://github.com/RVC-Boss/GPT-SoVITS,Python,56949,2024-01-14T18:05:21Z,5,1,160.16,2.0105555555555554,70.82055555555556,95,0.5893,67,0.0,1,0.0,1,0.0,0,3.734,0.3217,67.11,0.13,13,0.0295,0.0,1025,51250,82000,512,5466.7,191.0,149.76,23961.3,7582.9,78.7
soimort/you-get,https://github.com/soimort/you-get,Python,56839,2012-08-20T15:53:36Z,12,1,160.06,8.670694444444445,0.0,226,0.6664,54,0.0,1,0.0,1,0.0,1,15.436,0.0,96.72,0.37,0,0.0059,0.0,2509,125450,200720,1254,13381.3,1959.6,383.36,61337.4,19546.0,82.3
ultralytics/ultralytics,https://github.com/ultralytics/ultralytics,Python,56385,2022-09-11T16:39:45Z,0,1,160.04,3.5866666666666664,26.708055555555557,350,0.4024,73,0.0,1,1.0,1,0.94,1,8.281,1.5734,2.9,0.07,168,0.0038,0.0,3847,192350,307760,1923,20517.3,1255.3,600.49,96078.9,29851.0,86.0
harry0703/MoneyPrinterTurbo,https://github.com/harry0703/MoneyPrinterTurbo,Python,56368,2024-03-11T02:57:34Z,3,1,160.58,2.5316666666666663,1492.0411111111111,35,0.638,30,0.0,1,1.0,1,0.5,1,11.176,0.8042,103.81,0.36,8,0.0189,0.0,279,13950,22320,139,1488.0,88.6,38.2,6111.3,1992.8,72.6
Textualize/rich,https://github.com/Textualize/rich,Python,56193,2019-11-10T15:28:09Z,12,1,160.0,6.857638888888889,32.10069444444444,266,0.72,78,0.0,1,2.0,1,0.44,1,14.606,0.6923,47.31,0.59,34,0.0006,0.0,4154,207700,332320,2077,22154.7,1824.1,781.09,124974.3,36619.4,81.8
ComposioHQ/awesome-claude-skills,https://github.com/ComposioHQ/awesome-claude-skills,Python,56088,2025-10-17T07:15:01Z,3,1,162.96,60.705555555555556,1.7119444444444445,13,0.5818,15,0.0,1,0.0,1,0.0,0,7.501,-0.3881,0.0,0.1636,0,0.0794,0.0,55,2750,4400,27,293.3,789.2,6.94,1110.8,605.6,59.5
FoundationAgents/OpenManus,https://github.com/FoundationAgents/OpenManus,Python,55902,2025-03-06T14:08:14Z,72,1,160.32,6.039166666666667,1096.4170833333333,52,0.2926,41,0.0,1,0.0,1,0.94,1,6.457,0.0,0.0,0.32,11,0.0215,0.0,499,24950,39920,249,2661.3,314.0,70.33,11252.7,3675.4,73.6
deepfakes/faceswap,https://github.com/deepfakes/faceswap,Python,55190,2017-12-19T09:44:13Z,0,1,160.0,19.081944444444446,23.084583333333335,81,0.8105,55,0.0,1,0.0,1,0.94,1,8.506,0.5594,403.57,0.16,16,0.013,0.0,1836,91800,146880,918,9792.0,1545.6,331.42,53027.0,15965.1,81.9
sansan0/TrendRadar,https://github.com/sansan0/TrendRadar,Python,55073,2025-04-28T11:42:16Z,6,1,160.0,0.0,12.601666666666667,3,0.9912,0,0.0,1,0.0,1,0.84,0,5.328,0.1434,0.0,0.28,3,0.0348,0.0,228,11400,18240,114,1216.0,0.0,37.08,5932.8,1794.6,50.3
mem0ai/mem0,https://github.com/mem0ai/mem0,Python,53996,2023-06-20T08:58:36Z,0,1,160.0,15.088611111111112,17.35611111111111,305,0.2113,53,0.0,1,1.5,1,0.7,1,8.762,3.8182,1.1,0.12,56,0.4428,0.0,2144,107200,171520,1072,11434.7,4602.0,325.02,52003.9,17498.7,87.9
Zie619/n8n-workflows,https://github.com/Zie619/n8n-workflows,Python,53960,2025-05-14T08:43:59Z,72,1,161.21,18.02027777777778,210.04583333333335,32,0.5414,33,0.0,1,1.0,1,0.34,0,6.641,-0.0944,0.0,0.13,8,0.5231,0.0,133,6650,10640,66,709.3,576.6,17.55,2807.3,1089.1,60.6
psf/requests,https://github.com/psf/requests,Python,53921,2011-02-13T18:38:17Z,0,1,160.04,12.055,25.450555555555557,401,0.2709,40,0.0,1,1.0,1,0.84,1,15.216,-0.2937,127.03,0.23,57,0.007,0.0,3713,185650,297040,1856,19802.7,4834.1,578.55,92568.0,29865.2,87.3
TauricResearch/TradingAgents,https://github.com/TauricResearch/TradingAgents,Python,52722,2024-12-28T03:31:08Z,12,1,160.0,52.356944444444444,148.21666666666667,19,0.6736,17,0.0,1,3.0,1,0.86,1,7.094,0.0105,15.44,0.5,0,0.0019,0.0,144,7200,11520,72,768.0,994.8,19.07,3051.6,1292.8,68.7
karpathy/nanochat,https://github.com/karpathy/nanochat,Python,52458,2025-10-13T13:46:35Z,10,1,160.0,25.617083333333333,3.86875,49,0.6989,20,0.0,1,3.0,1,0.1667,1,15.102,-1.6818,0.0,0.2,26,0.2361,0.0,372,18600,29760,186,1984.0,1255.2,51.67,8266.5,3021.9,72.8
charlax/professional-programming,https://github.com/charlax/professional-programming,Python,50763,2015-11-07T05:07:52Z,5,1,160.0,94.34472222222222,230.45666666666665,40,0.8794,43,0.0,1,2.0,0,0.0,0,16.421,0.0664,0.0,0.25,0,0.277,0.0,398,19900,31840,199,2122.7,3773.8,66.56,10649.0,4323.3,56.8
odoo/odoo,https://github.com/odoo/odoo,Python,50298,2014-05-13T15:38:58Z,0,1,160.0,4.847222222222222,0.0,294,0.06,39,0.0,1,0.0,0,0.0,0,13.329,-9.958,0.0,0.03,130,0.4829,0.0,128713,6435650,10297040,64356,686469.3,1425.1,23946.02,3831362.7,1109934.7,74.4
crewAIInc/crewAI,https://github.com/crewAIInc/crewAI,Python,49807,2023-10-27T03:26:59Z,0,1,160.0,16.928333333333335,13.534166666666668,285,0.2569,56,0.0,1,1.0,1,0.42,0,9.427,3.2517,1.16,0.03,142,0.0135,0.0,2262,113100,180960,1131,12064.0,4824.6,343.83,55013.2,18482.0,82.4
MemPalace/mempalace,https://github.com/MemPalace/mempalace,Python,49460,2026-04-05T01:12:07Z,0,1,160.0,6.8318055555555555,23.005277777777778,50,0.3852,34,0.0,1,2.0,1,0.62,1,12.032,18.0839,0.66,0.29,64,0.0954,0.0,566,28300,45280,283,3018.7,341.6,80.28,12844.2,4180.7,79.6
freqtrade/freqtrade,https://github.com/freqtrade/freqtrade,Python,49322,2017-05-17T23:48:53Z,0,1,160.0,10.6825,15.215555555555556,329,0.6709,87,0.0,1,1.0,1,0.88,1,11.795,-0.4161,9.09,0.13,20,0.0159,0.0,28002,1400100,2240160,14001,149344.0,3514.5,4827.01,772321.7,230190.7,83.3
run-llama/llama_index,https://github.com/run-llama/llama_index,Python,48892,2022-11-02T04:24:54Z,1,1,160.0,0.6497222222222223,80.15263888888889,471,0.2276,48,0.0,1,1.0,1,0.44,0,10.632,-1.8671,7.23,0.04,94,0.2813,0.0,5620,281000,449600,2810,29973.3,306.0,894.03,143045.1,43687.5,82.6
pandas-dev/pandas,https://github.com/pandas-dev/pandas,Python,48566,2010-08-24T01:37:33Z,1,1,160.0,6.522222222222222,13.200138888888889,411,0.172,19,0.0,1,2.0,1,0.42,0,13.129,2.1853,48.75,0.28,436,0.0899,0.0,30740,1537000,2459200,15370,163946.7,2680.6,5323.76,851802.3,253138.0,83.2
NanmiCoder/MediaCrawler,https://github.com/NanmiCoder/MediaCrawler,Python,48445,2023-06-09T12:14:34Z,4,1,160.0,6.209722222222222,41.11416666666667,64,0.7535,53,0.0,1,1.0,1,1.0,1,6.684,-0.486,0.0,0.09,9,0.0,0.0,714,35700,57120,357,3808.0,397.4,122.94,19670.4,5957.3,77.8
jingyaogong/minimind,https://github.com/jingyaogong/minimind,Python,48226,2024-07-27T04:34:12Z,1,1,160.0,1.42875,1.2227777777777777,9,0.9559,10,0.0,1,1.0,1,1.0,0,6.054,0.528,0.0,0.15,10,0.0,0.0,340,17000,27200,170,1813.3,12.9,56.41,9025.8,2715.7,57.2
lllyasviel/Fooocus,https://github.com/lllyasviel/Fooocus,Python,48176,2023-08-09T18:43:40Z,144,1,160.0,0.4477777777777778,41.25,58,0.739,10,0.0,1,1.0,1,0.9333,1,9.85,0.0,33.77,0.46,0,0.0327,0.0,1138,56900,91040,569,6069.3,26.0,200.57,32090.8,9460.6,70.6
oobabooga/textgen,https://github.com/oobabooga/textgen,Python,46856,2022-12-21T04:17:37Z,1,1,160.03,7.780555555555555,61.583333333333336,377,0.8332,58,0.0,1,1.0,1,0.72,0,4.094,3.1608,10.88,0.24,0,0.1216,0.0,5497,274850,439760,2748,29317.3,2933.3,1048.2,167711.6,49081.0,76.6
JuliusBrussee/caveman,https://github.com/JuliusBrussee/caveman,Python,45810,2026-04-04T10:03:00Z,7,1,160.0,11.269444444444444,22.020138888888887,25,0.6364,33,0.0,1,1.0,1,0.54,1,4.526,3.7867,1.06,0.25,0,0.2937,0.0,132,6600,10560,66,704.0,281.7,17.41,2785.2,993.5,70.0
apache/airflow,https://github.com/apache/airflow,Python,45181,2015-04-13T18:04:58Z,0,1,160.01,10.080833333333333,9.426805555555555,413,0.1532,87,0.0,1,1.0,1,0.42,0,12.928,1.6643,13.66,0.06,1505,0.0904,0.0,31107,1555350,2488560,15553,165904.0,4163.4,5390.52,862483.4,256697.7,83.5
BerriAI/litellm,https://github.com/BerriAI/litellm,Python,44612,2023-07-27T00:09:52Z,0,1,160.01,2.398888888888889,1.5130555555555556,386,0.5693,73,0.0,1,2.0,1,0.9,1,7.027,-30.8042,1.57,0.34,9,0.1718,0.0,26755,1337750,2140400,13377,142693.3,926.0,4601.56,736249.4,218874.3,84.3
9001/copyparty,https://github.com/9001/copyparty,Python,44457,2019-05-26T15:28:33Z,0,1,160.03,9.905833333333334,7.012777777777778,109,0.9486,72,0.0,1,1.5,0,0.0,1,15.872,-0.6434,7.91,0.33,87,0.5221,0.0,4595,229750,367600,2297,24506.7,1079.7,868.38,138941.1,40365.5,70.5
streamlit/streamlit,https://github.com/streamlit/streamlit,Python,44348,2019-08-24T00:14:52Z,0,1,160.02,19.94236111111111,45.007777777777775,301,0.1534,90,0.0,1,2.0,1,0.78,0,12.069,-1.6818,12.65,0.04,332,0.393,0.0,8249,412450,659920,4124,43994.7,6002.7,1337.68,214028.2,66603.8,83.5
SimplifyJobs/Summer2026-Internships,https://github.com/SimplifyJobs/Summer2026-Internships,Python,44284,2020-05-23T20:53:18Z,0,1,160.0,1.4059722222222222,24.417916666666667,440,0.4587,72,0.0,1,1.0,1,1.0,0,4.506,5.6573,0.0,0.54,13,0.0,0.0,44103,2205150,3528240,22051,235216.0,618.6,7777.16,1244346.3,366662.8,80.4
exo-explore/exo,https://github.com/exo-explore/exo,Python,44035,2024-06-24T18:36:22Z,0,1,160.07,11.614444444444445,68.735,90,0.6041,57,0.0,1,1.0,1,0.12,1,7.417,-2.8776,10.01,0.05,105,0.3493,0.0,2195,109750,175600,1097,11706.7,1045.3,333.15,53303.5,16827.6,84.0
Aider-AI/aider,https://github.com/Aider-AI/aider,Python,43889,2023-05-09T18:57:49Z,1,1,160.0,18.217222222222222,4.7725,170,0.9648,37,0.0,1,0.0,1,0.6,1,5.794,-0.7238,9.23,0.1,240,0.1987,0.0,13108,655400,1048640,6554,69909.3,3096.9,2610.5,417680.5,119419.8,80.3
zhayujie/CowAgent,https://github.com/zhayujie/CowAgent,Python,43692,2022-08-07T08:33:41Z,1,1,160.0,4.806111111111111,60.214444444444446,89,0.4829,55,0.0,1,0.0,1,1.0,1,8.677,-0.007,47.52,0.29,7,0.1535,0.0,1754,87700,140320,877,9354.7,427.7,263.25,42119.3,13229.5,85.1
getsentry/sentry,https://github.com/getsentry/sentry,Python,43682,2010-08-30T22:06:41Z,0,1,160.0,19.693194444444444,0.0,344,0.1178,88,0.0,1,1.0,1,0.94,1,14.655,15.7308,11.62,0.01,255,0.4349,0.0,96646,4832300,7731680,48323,515445.3,6774.5,17724.45,2835912.4,826937.5,88.8
hiroi-sora/Umi-OCR,https://github.com/hiroi-sora/Umi-OCR,Python,43625,2022-03-28T04:01:46Z,156,1,160.13,21.509166666666665,459.3305555555556,14,0.9444,45,0.0,1,0.0,0,0.0,0,6.747,0.0,39.48,0.16,0,0.4923,0.0,1259,62950,100720,629,6714.7,301.1,223.02,35682.7,10584.2,48.1
mitmproxy/mitmproxy,https://github.com/mitmproxy/mitmproxy,Python,43259,2010-02-16T04:10:13Z,6,1,160.0,31.534444444444443,65.23583333333333,404,0.3823,79,0.0,1,2.0,1,0.66,1,15.482,0.1748,31.23,0.37,190,0.1941,0.0,10510,525500,840800,5255,56053.3,12739.9,1725.09,276014.9,87051.6,85.7
faif/python-patterns,https://github.com/faif/python-patterns,Python,42711,2012-06-06T21:02:35Z,43,1,160.0,33.87555555555556,288.0627777777778,119,0.3528,77,0.0,1,1.0,1,0.5,1,13.385,-0.1014,0.0,0.36,55,0.0168,0.0,754,37700,60320,377,4021.3,4031.2,108.48,17357.6,6691.5,79.2
gradio-app/gradio,https://github.com/gradio-app/gradio,Python,42427,2018-12-19T08:24:04Z,2,1,160.0,24.544305555555553,12.712916666666667,463,0.2136,74,0.0,1,1.0,1,0.18,1,11.237,1.4301,0.0,0.0,13,0.5173,0.0,6166,308300,493280,3083,32885.3,11364.0,985.45,157671.6,51386.2,87.7
ray-project/ray,https://github.com/ray-project/ray,Python,42294,2016-10-25T19:38:30Z,0,1,160.01,8.0025,82.0175,405,0.0476,87,0.0,1,4.0,1,0.68,0,11.175,0.3601,14.33,0.14,38,0.2363,0.0,28013,1400650,2241040,14006,149402.7,3241.0,4829.0,772640.3,230201.7,84.5
mingrammer/diagrams,https://github.com/mingrammer/diagrams,Python,42213,2020-02-02T15:23:24Z,12,1,160.0,31.93611111111111,837.4522222222222,170,0.4638,89,0.0,1,1.0,1,0.94,1,11.959,-0.0315,100.56,0.2,15,0.0452,0.0,608,30400,48640,304,3242.7,5429.1,86.54,13846.8,6019.4,78.5
deepspeedai/DeepSpeed,https://github.com/deepspeedai/DeepSpeed,Python,42189,2020-01-23T18:35:18Z,1,1,160.0,3.4030555555555555,96.96166666666667,436,0.1494,73,0.0,1,1.0,1,0.82,1,10.316,0.1853,9.6,0.23,0,0.2628,0.0,2972,148600,237760,1486,15850.7,1483.7,457.96,73274.2,23025.3,88.4
ccxt/ccxt,https://github.com/ccxt/ccxt,Python,42050,2017-05-14T15:41:56Z,1,1,160.0,0.7826388888888889,22.693055555555556,346,0.5305,84,0.0,1,1.0,1,0.12,0,11.858,0.4161,2.4,0.17,320,0.7624,0.0,69423,3471150,5553840,34711,370256.0,270.8,12523.0,2003679.6,585945.2,79.6
psf/black,https://github.com/psf/black,Python,41483,2018-03-14T19:54:45Z,0,1,160.08,7.6184722222222225,1.4927777777777778,448,0.1907,84,0.0,1,1.0,1,0.66,1,12.787,0.3427,47.64,0.26,146,0.0029,0.0,1951,97550,156080,975,10405.3,3413.1,294.37,47099.9,15646.6,88.1
hpcaitech/ColossalAI,https://github.com/hpcaitech/ColossalAI,Python,41377,2021-10-28T16:19:44Z,12,1,160.04,18.987222222222222,467.9301388888889,187,0.1266,51,0.0,1,1.0,1,0.0,1,8.661,0.0734,27.35,0.0,0,0.0677,0.0,3767,188350,301360,1883,20090.7,3550.6,587.39,93982.1,29907.0,87.7
chubin/cheat.sh,https://github.com/chubin/cheat.sh,Python,41270,2017-05-07T21:40:56Z,123,1,160.0,9.44875,129.17125,54,0.6922,86,0.0,1,1.0,1,0.12,1,12.736,0.0,0.0,0.47,3,0.3247,0.0,848,42400,67840,424,4522.7,510.2,122.73,19636.6,6341.7,70.5
microsoft/qlib,https://github.com/microsoft/qlib,Python,41215,2020-08-14T06:46:00Z,3,1,160.09,7.924444444444444,216.6825,137,0.3177,77,0.0,1,3.0,1,0.88,1,11.538,0.028,82.13,0.06,65,0.0091,0.0,1851,92550,148080,925,9872.0,1085.6,278.55,44568.3,14175.3,86.6
microsoft/VibeVoice,https://github.com/microsoft/VibeVoice,Python,40963,2025-08-25T13:24:01Z,1,1,161.23,21.562777777777775,42.909166666666664,20,0.3817,34,0.0,1,1.0,1,0.94,0,8.192,0.458,0.0,0.19,23,0.0,0.0,131,6550,10480,65,698.7,431.3,17.27,2763.0,1031.3,68.1
hesreallyhim/awesome-claude-code,https://github.com/hesreallyhim/awesome-claude-code,Python,40815,2025-04-19T20:55:59Z,0,1,160.0,0.553611111111111,2.5122222222222224,13,0.9448,26,0.0,1,1.0,1,0.66,1,6.244,1.2727,0.0,0.23,46,0.0188,0.0,290,14500,23200,145,1546.7,7.2,47.73,7637.5,2303.0,64.7
HKUDS/nanobot,https://github.com/HKUDS/nanobot,Python,40780,2026-02-01T07:16:15Z,1,1,160.08,20.435277777777777,5.799444444444444,247,0.5745,34,0.0,1,1.0,1,0.88,1,6.887,-7.5804,2.82,0.21,72,0.0836,0.0,2033,101650,162640,1016,10842.7,5047.5,307.38,49180.6,16771.7,84.2
666ghj/BettaFish,https://github.com/666ghj/BettaFish,Python,40617,2024-07-01T13:11:38Z,43,1,160.0,3.506666666666667,575.4630555555556,35,0.4333,41,0.0,1,1.0,1,0.9,1,4.49,-0.2762,21.15,0.34,34,0.016,0.0,930,46500,74400,465,4960.0,122.7,135.22,21635.0,6843.8,81.0
datawhalechina/hello-agents,https://github.com/datawhalechina/hello-agents,Python,40400,2025-09-07T09:50:24Z,2,1,160.22,3.3308333333333335,49.00333333333333,65,0.6231,56,0.0,1,0.0,1,0.96,0,4.576,-0.472,0.0,0.24,0,0.2749,0.0,727,36350,58160,363,3877.3,216.5,104.41,16705.6,5344.7,74.5
paperless-ngx/paperless-ngx,https://github.com/paperless-ngx/paperless-ngx,Python,39869,2022-02-12T21:56:52Z,1,1,160.0,23.272777777777776,0.8665277777777778,387,0.4222,71,0.0,1,1.0,1,0.9,0,11.639,-0.993,12.64,0.06,190,0.4226,0.0,8470,423500,677600,4235,45173.3,9006.6,1375.33,220053.0,69299.2,80.7
vnpy/vnpy,https://github.com/vnpy/vnpy,Python,39797,2015-03-02T03:36:58Z,3,1,160.0,10.131666666666666,460.37430555555557,128,0.432,40,0.0,1,0.0,1,0.44,1,9.578,0.0,28.89,0.1,60,0.0052,0.0,6768,338400,541440,3384,36096.0,1296.9,1086.71,173873.4,53211.8,85.4
agno-agi/agno,https://github.com/agno-agi/agno,Python,39650,2022-05-04T15:23:02Z,1,1,160.0,25.83361111111111,16.22972222222222,416,0.4307,71,0.0,1,1.0,1,0.18,0,8.104,-2.0699,3.09,0.01,0,0.003,0.0,5414,270700,433120,2707,28874.7,10746.8,859.65,137544.7,45170.3,80.6
2noise/ChatTTS,https://github.com/2noise/ChatTTS,Python,39150,2024-05-27T18:26:49Z,15,1,160.44,62.322361111111114,1100.5319444444444,57,0.6621,34,0.0,1,1.0,1,0.8,1,7.67,0.0979,100.5,0.15,5,0.005,0.0,367,18350,29360,183,1957.3,3552.4,50.94,8149.8,3674.3,72.6
mindsdb/mindsdb,https://github.com/mindsdb/mindsdb,Python,39045,2018-08-02T17:56:45Z,1,1,160.01,15.161666666666667,584.6911111111111,380,0.2012,78,0.0,1,1.0,1,0.66,1,10.54,0.2448,9.96,0.08,12,0.006,0.0,19563,978150,1565040,9781,104336.0,5761.4,3312.36,529976.9,159891.8,87.9
D4Vinci/Scrapling,https://github.com/D4Vinci/Scrapling,Python,38617,2024-10-13T20:29:53Z,1,1,160.11,29.88458333333333,35.983888888888885,18,0.97,20,0.0,1,1.0,1,0.86,1,9.704,-1.0245,26.23,0.38,73,0.0013,0.0,1401,70050,112080,700,7472.0,537.9,249.5,39920.0,11881.4,78.7
microsoft/BitNet,https://github.com/microsoft/BitNet,Python,38542,2024-08-05T09:07:38Z,46,1,160.0,71.40333333333334,101.22194444444445,15,0.2317,21,0.0,1,1.0,1,0.907,0,6.363,-0.0874,0.0,0.0625,11,0.4981,0.0,82,4100,6560,41,437.3,1071.0,10.56,1689.5,877.9,61.3
gto76/python-cheatsheet,https://github.com/gto76/python-cheatsheet,Python,38350,2018-01-25T04:16:53Z,1,1,160.06,0.0,432.87,12,0.9945,0,0.0,1,0.0,1,1.0,0,14.227,-0.3077,0.0,0.32,0,0.4926,0.0,2883,144150,230640,1441,15376.0,0.0,532.29,85166.3,24721.3,69.0
roboflow/supervision,https://github.com/roboflow/supervision,Python,38227,2022-11-28T14:08:44Z,1,1,160.04,13.029722222222222,228.18527777777777,140,0.3506,72,0.0,1,1.0,1,0.84,1,9.924,-2.1678,48.34,0.05,113,0.0,0.0,3819,190950,305520,1909,20368.0,1824.2,595.9,95344.8,29800.2,86.4
ManimCommunity/manim,https://github.com/ManimCommunity/manim,Python,37936,2020-05-19T02:37:13Z,4,1,160.0,5.180555555555555,7.428888888888889,408,0.3887,83,0.0,1,1.0,1,0.36,1,10.616,-0.7483,78.44,0.3,94,0.018,0.0,5750,287500,460000,2875,30666.7,2113.7,915.76,146521.4,45271.7,85.8
chatchat-space/Langchain-Chatchat,https://github.com/chatchat-space/Langchain-Chatchat,Python,37909,2023-03-31T12:12:45Z,166,1,160.0,3.2534722222222223,1082.1872222222223,155,0.4042,44,0.0,1,0.0,1,0.96,0,10.208,0.0,27.55,0.14,26,0.0116,0.0,2338,116900,187040,1169,12469.3,504.3,355.97,56955.6,17777.1,67.1
chatanywhere/GPT_API_free,https://github.com/chatanywhere/GPT_API_free,Python,37520,2023-04-23T12:42:08Z,12,1,160.0,1.116111111111111,1506.7416666666668,2,0.9929,1,0.0,1,0.0,0,0.0,0,3.728,0.021,0.0,0.28,0,0.0,0.0,140,7000,11200,70,746.7,2.2,22.22,3555.2,1085.0,37.7
openai/gym,https://github.com/openai/gym,Python,37173,2016-04-27T14:59:16Z,29,1,160.0,5.706666666666667,56.5025,364,0.1234,62,0.0,1,1.0,1,0.0,1,13.74,0.0105,208.45,0.16,6,0.0013,0.0,1686,84300,134880,843,8992.0,2077.2,252.54,40406.4,13200.4,86.3
sqlmapproject/sqlmap,https://github.com/sqlmapproject/sqlmap,Python,37135,2012-06-26T09:52:15Z,1,1,160.02,7.696944444444444,12.008333333333333,134,0.7996,50,0.0,1,0.0,1,0.66,0,14.839,-0.2028,30.6,0.16,0,0.0139,0.0,10505,525250,840400,5252,56026.7,1031.4,2069.08,331052.5,94533.3,76.9
satwikkansal/wtfpython,https://github.com/satwikkansal/wtfpython,Python,36923,2017-08-28T20:22:19Z,102,1,160.0,11.93763888888889,632.2630555555555,73,0.6444,80,0.0,1,1.0,1,0.2222,0,10.667,0.0,0.0,0.28,6,0.0,0.0,658,32900,52640,329,3509.3,871.4,94.03,15044.8,5025.0,64.9
babysor/MockingBird,https://github.com/babysor/MockingBird,Python,36907,2021-08-07T03:53:39Z,53,1,160.0,25.321944444444444,64.31069444444445,37,0.6602,64,0.0,1,1.0,0,0.0,0,11.126,-0.0315,0.0,0.39,8,0.0044,0.0,206,10300,16480,103,1098.7,936.9,27.78,4444.4,1719.3,52.1
huggingface/pytorch-image-models,https://github.com/huggingface/pytorch-image-models,Python,36697,2019-02-02T05:51:12Z,1,1,160.05,13.0325,34.74388888888889,165,0.8354,53,0.0,1,0.0,1,0.96,1,12.327,0.7028,29.33,0.02,1,0.1224,0.0,3049,152450,243920,1524,16261.3,2150.4,564.52,90322.6,26840.3,81.6
hankcs/HanLP,https://github.com/hankcs/HanLP,Python,36272,2014-10-09T06:36:16Z,161,1,160.0,8.301805555555555,16.590972222222224,37,0.9464,60,0.0,1,1.0,1,0.8182,1,12.595,0.0,127.19,0.39,0,0.2049,0.0,1790,89500,143200,895,9546.7,307.2,322.71,51632.9,15192.1,67.1
google/langextract,https://github.com/google/langextract,Python,35764,2025-07-08T20:46:06Z,4,1,160.0,0.5266666666666666,1164.8247222222221,21,0.8446,55,0.0,1,0.0,1,0.8,1,9.938,0.4825,33.63,0.27,84,0.0037,0.0,148,7400,11840,74,789.3,11.1,23.56,3768.8,1151.7,68.4
Textualize/textual,https://github.com/Textualize/textual,Python,35573,2021-04-08T15:24:47Z,1,1,160.01,27.331666666666667,63.56458333333333,185,0.5376,69,0.0,1,1.0,1,0.44,1,14.855,0.2657,5.67,0.4,92,0.0122,0.0,12907,645350,1032560,6453,68837.3,5056.4,2140.41,342465.1,104428.6,84.5
jax-ml/jax,https://github.com/jax-ml/jax,Python,35477,2018-10-25T21:25:02Z,1,1,160.0,0.9069444444444444,15.254305555555556,397,0.1331,73,0.0,1,2.0,1,0.82,1,11.629,3.8776,13.17,0.06,86,0.1388,0.0,27620,1381000,2209600,13810,147306.7,360.1,4757.89,761262.8,226013.9,88.6
geekcomputers/Python,https://github.com/geekcomputers/Python,Python,34979,2011-11-30T09:04:08Z,33,1,160.0,109.10249999999999,0.0,403,0.5342,84,0.0,1,1.0,1,0.58,0,11.861,-0.3951,0.0,0.18,18,0.0619,0.0,3944,197200,315520,1972,21034.7,43968.3,616.4,98624.2,43432.7,76.9
sickn33/antigravity-awesome-skills,https://github.com/sickn33/antigravity-awesome-skills,Python,34952,2026-01-14T17:48:09Z,1,1,160.14,4.979861111111111,9.811111111111112,186,0.391,76,0.0,1,1.0,1,0.78,0,3.801,-1.6818,0.68,0.17,107,0.177,0.0,1179,58950,94320,589,6288.0,926.3,173.47,27754.9,8972.9,81.0
facebookresearch/detectron2,https://github.com/facebookresearch/detectron2,Python,34393,2019-09-05T21:30:20Z,18,1,160.0,0.0,179.51541666666668,212,0.5066,0,0.0,1,0.0,1,0.94,1,13.308,0.0315,43.57,0.1,0,0.0598,0.0,1368,68400,109440,684,7296.0,0.0,202.78,32444.4,10136.9,83.4
datalab-to/marker,https://github.com/datalab-to/marker,Python,34301,2023-10-30T20:14:08Z,1,1,160.0,1.813611111111111,80.72972222222222,26,0.5907,63,0.0,1,1.0,1,0.92,1,11.788,0.1818,23.27,0.08,41,0.0033,0.0,1290,64500,103200,645,6880.0,47.2,190.66,30504.9,9555.1,84.0
safishamsi/graphify,https://github.com/safishamsi/graphify,Python,34290,2026-04-03T15:49:07Z,2,1,160.78,3.691388888888889,4.970277777777778,6,0.9756,7,0.0,1,0.0,1,0.44,1,1.013,5.7028,0.66,0.2,45,0.0,0.0,205,10250,16400,102,1093.3,22.1,33.16,5306.1,1614.5,57.7
python-poetry/poetry,https://github.com/python-poetry/poetry,Python,34279,2018-02-28T15:23:47Z,3,1,160.05,64.78625,25.83361111111111,439,0.346,70,0.0,1,1.5,1,0.74,1,14.062,0.4406,39.3,0.52,112,0.1051,0.0,3457,172850,276560,1728,18437.3,28441.2,536.74,85878.4,34926.7,86.3
wshobson/agents,https://github.com/wshobson/agents,Python,34239,2025-07-24T23:28:14Z,7,1,160.47,19.715555555555554,165.67305555555555,51,0.7331,46,0.0,1,1.0,1,0.7,0,13.953,1.1503,0.0,0.09,0,0.2293,0.0,341,17050,27280,170,1818.7,1005.5,56.59,9053.6,3021.7,67.2
khoj-ai/khoj,https://github.com/khoj-ai/khoj,Python,34235,2021-08-16T01:48:44Z,30,1,160.0,1.5822222222222222,165.45472222222222,68,0.6764,87,0.0,1,0.0,1,0.24,1,10.31,-0.028,14.24,0.35,92,0.4915,0.0,5160,258000,412800,2580,27520.0,107.6,817.36,130777.2,39947.7,80.7
HKUDS/LightRAG,https://github.com/HKUDS/LightRAG,Python,34213,2024-10-02T11:57:54Z,1,1,160.02,12.687222222222221,90.38916666666667,241,0.6221,70,0.0,1,3.5,1,0.62,1,8.419,1.521,11.14,0.34,98,0.1886,0.0,6791,339550,543280,3395,36218.7,3057.6,1090.59,174493.9,53925.4,83.7
stanfordnlp/dspy,https://github.com/stanfordnlp/dspy,Python,33989,2023-01-09T21:01:51Z,1,1,160.0,15.305972222222223,19.848333333333336,386,0.2663,52,0.0,1,1.0,1,0.88,1,11.405,0.1469,15.85,0.07,98,0.007,0.0,4236,211800,338880,2118,22592.0,5908.1,664.41,106304.9,34329.4,87.3
Pythagora-io/gpt-pilot,https://github.com/Pythagora-io/gpt-pilot,Python,33775,2023-08-16T11:56:07Z,9,1,160.07,15.66375,209.1013888888889,50,0.5269,74,0.0,1,1.0,1,0.2,1,9.661,0.0,0.0,0.02,12,0.352,0.0,2213,110650,177040,1106,11802.7,783.2,336.02,53762.6,16888.8,84.0
explosion/spaCy,https://github.com/explosion/spaCy,Python,33505,2014-07-03T15:15:40Z,28,1,160.01,16.226805555555554,1169.5172222222222,387,0.3264,78,0.0,1,1.0,1,0.86,0,12.13,0.1713,49.06,0.15,16,0.4588,0.0,15391,769550,1231280,7695,82085.3,6279.8,2574.9,411983.6,125323.3,79.4
ocrmypdf/OCRmyPDF,https://github.com/ocrmypdf/OCRmyPDF,Python,33442,2013-12-20T08:26:28Z,5,1,160.0,10.60388888888889,147.04680555555558,110,0.8151,67,0.0,1,0.0,1,0.94,1,13.655,0.0699,21.12,0.28,99,0.0231,0.0,2034,101700,162720,1017,10848.0,1166.4,369.05,59047.2,17583.4,81.4
huggingface/diffusers,https://github.com/huggingface/diffusers,Python,33440,2022-05-30T16:04:02Z,1,1,160.03,2.9444444444444446,49.01263888888889,457,0.1753,55,0.0,1,3.0,1,0.18,1,9.349,0.0594,27.86,0.06,16,0.0004,0.0,5751,287550,460080,2875,30672.0,1345.6,915.93,146548.1,45049.3,88.2
XX-net/XX-Net,https://github.com/XX-net/XX-Net,Python,33435,2015-01-15T09:35:51Z,64,1,160.0,9.11486111111111,25.865277777777777,67,0.649,74,0.0,1,1.0,1,0.25,0,11.3,0.0,81.55,0.39,0,0.0917,0.0,2402,120100,192160,1201,12810.7,610.7,366.21,58593.8,18307.3,73.2
PDFMathTranslate/PDFMathTranslate,https://github.com/PDFMathTranslate/PDFMathTranslate,Python,33289,2024-09-06T06:56:03Z,5,1,160.14,3.0620833333333337,16.04,54,0.3867,60,0.0,1,1.0,1,0.84,1,9.996,0.6434,14.9,0.52,38,0.0207,0.0,1125,56250,90000,562,6000.0,165.4,165.14,26421.6,8333.9,85.7
frappe/erpnext,https://github.com/frappe/erpnext,Python,33181,2011-06-08T08:20:56Z,1,1,160.0,18.238194444444446,2.327777777777778,275,0.1635,74,0.0,1,1.0,1,0.96,0,13.03,-8.0804,2.25,0.17,8,0.1883,0.0,54119,2705950,4329520,27059,288634.7,5015.5,9641.55,1542648.5,454351.7,83.3
PostHog/posthog,https://github.com/PostHog/posthog,Python,33062,2020-01-23T22:46:58Z,1,1,160.0,2.9338888888888888,0.0,389,0.0714,54,0.0,1,2.0,1,0.7,0,14.337,12.2552,0.98,0.17,159,0.4941,0.0,39444,1972200,3155520,19722,210368.0,1141.3,6916.87,1106699.5,326866.3,84.2
certbot/certbot,https://github.com/certbot/certbot,Python,33006,2014-11-12T02:52:20Z,1,1,160.0,62.805277777777775,118.26805555555555,383,0.2472,89,0.0,1,1.0,1,0.76,1,14.128,-0.6818,36.39,0.01,0,0.0551,0.0,9894,494700,791520,4947,52768.0,24054.4,1619.09,259054.0,85411.1,87.4
OpenBMB/ChatDev,https://github.com/OpenBMB/ChatDev,Python,32860,2023-08-28T02:18:13Z,18,1,160.0,6.430138888888889,212.69361111111112,16,0.2692,66,0.0,1,1.0,1,0.8537,1,4.839,-1.507,113.82,0.21,6,0.3155,0.0,182,9100,14560,91,970.7,102.9,24.39,3902.3,1296.7,70.5
kovidgoyal/kitty,https://github.com/kovidgoyal/kitty,Python,32576,2016-10-16T14:48:28Z,1,1,160.01,3.6066666666666665,1.7277777777777779,400,0.8961,53,0.0,1,0.0,1,0.86,0,13.958,4.8531,168.57,0.43,21,0.6123,0.0,17829,891450,1426320,8914,95088.0,1442.7,3605.74,576918.3,163360.5,76.0
tinygrad/tinygrad,https://github.com/tinygrad/tinygrad,Python,32541,2020-10-18T16:23:12Z,1,1,160.01,5.176666666666667,13.445,451,0.3262,73,0.0,1,0.0,1,0.88,1,11.776,-3.8287,38.95,0.19,123,0.329,0.0,13039,651950,1043120,6519,69541.3,2334.7,2163.4,346143.5,104699.8,86.7
0xAX/linux-insides,https://github.com/0xAX/linux-insides,Python,32512,2015-01-03T18:44:57Z,12,1,160.08,5.0625,21.641666666666666,288,0.5966,71,0.0,1,1.0,1,0.7,0,13.042,-0.8077,0.0,0.45,0,0.5001,0.0,1921,96050,153680,960,10245.3,1458.0,289.62,46339.7,14828.0,78.0
HKUDS/CLI-Anything,https://github.com/HKUDS/CLI-Anything,Python,32495,2026-03-08T13:52:57Z,1,1,160.33,20.546805555555558,12.746527777777779,63,0.4017,70,0.0,1,2.0,1,0.56,0,6.788,7.7098,0.0,0.19,0,0.0348,0.0,483,24150,38640,241,2576.0,1294.4,67.96,10874.1,3851.1,73.1
microsoft/graphrag,https://github.com/microsoft/graphrag,Python,32482,2024-03-27T17:57:52Z,1,1,160.37,0.7547222222222222,219.73333333333332,49,0.3357,85,0.0,1,1.0,1,0.66,1,12.725,-0.6818,22.58,0.01,177,0.1183,0.0,429,21450,34320,214,2288.0,37.0,60.01,9601.3,3075.4,78.0
nicolargo/glances,https://github.com/nicolargo/glances,Python,32313,2011-12-04T08:49:15Z,2,1,160.0,3.650277777777778,58.17833333333333,202,0.7574,72,0.0,1,1.0,1,0.72,1,14.507,-1.049,63.56,0.55,9,0.135,0.0,6682,334100,534560,3341,35637.3,737.4,1286.66,205865.1,59212.9,82.3
numpy/numpy,https://github.com/numpy/numpy,Python,31887,2010-09-13T23:02:39Z,1,1,160.0,21.25861111111111,47.648472222222225,435,0.1959,21,0.0,1,1.0,1,0.96,0,16.496,1.2028,10.46,0.12,204,0.3933,0.0,36798,1839900,2943840,18399,196256.0,9247.5,6430.51,1028881.0,306678.5,83.0
OWASP/CheatSheetSeries,https://github.com/OWASP/CheatSheetSeries,Python,31850,2018-12-21T14:26:43Z,4,1,160.0,17.745,176.78847222222223,458,0.19,91,0.0,1,1.5,1,0.8,0,13.046,0.1364,0.0,0.11,10,0.5586,0.0,1858,92900,148640,929,9909.3,8127.2,279.66,44745.3,16341.9,82.8
facebook/react,https://github.com/facebook/react,JavaScript,244659,2013-05-24T16:15:54Z,2,1,160.01,4.461944444444445,31.043888888888887,410,0.1083,58,0.0,1,1.0,1,0.68,0,15.507,-1.6434,139.68,0.02,169,0.3184,0.0,17911,895550,1432880,8955,95525.3,1829.4,3019.3,483087.2,144928.9,83.8
trekhleb/javascript-algorithms,https://github.com/trekhleb/javascript-algorithms,JavaScript,195874,2018-03-24T07:47:04Z,67,1,160.0,20.291944444444443,1194.8938888888888,205,0.7604,69,0.0,1,1.0,1,0.5417,0,13.287,-0.049,0.0,0.34,27,0.0,0.0,1106,55300,88480,553,5898.7,4159.8,194.65,31144.0,10426.1,71.8
affaan-m/everything-claude-code,https://github.com/affaan-m/everything-claude-code,JavaScript,166216,2026-01-18T00:51:51Z,3,1,160.0,21.798333333333332,18.339305555555555,157,0.6834,46,0.0,1,1.0,1,0.16,1,3.502,3.9685,5.25,0.08,178,0.487,0.0,1412,70600,112960,706,7530.7,3422.3,209.63,33541.0,11500.2,82.9
airbnb/javascript,https://github.com/airbnb/javascript,JavaScript,148130,2012-11-01T23:13:50Z,9,1,160.0,3.799722222222222,6.160694444444445,401,0.3884,67,0.0,1,2.0,1,0.88,0,16.675,-0.0245,0.0,0.2,33,0.0,0.0,1730,86500,138400,865,9226.7,1523.7,259.46,41514.3,13373.3,80.4
vercel/next.js,https://github.com/vercel/next.js,JavaScript,139139,2016-10-05T23:32:51Z,1,1,160.0,8.476944444444445,4.654444444444445,426,0.113,61,0.0,1,1.0,1,0.52,1,11.069,-1.5979,0.34,0.11,318,0.455,0.0,29158,1457900,2332640,14579,155509.3,3611.2,5036.46,805833.6,240004.7,88.8
Chalarangelo/30-seconds-of-code,https://github.com/Chalarangelo/30-seconds-of-code,JavaScript,127565,2017-11-29T17:35:03Z,4,1,160.02,1.912777777777778,10.70861111111111,378,0.7522,58,0.0,1,1.0,1,0.98,1,11.409,0.0804,443.49,0.27,39,0.3461,0.0,9699,484950,775920,4849,51728.0,723.0,1902.72,304434.8,86967.9,82.1
nodejs/node,https://github.com/nodejs/node,JavaScript,116888,2014-11-26T19:57:11Z,1,1,160.0,6.322222222222222,57.44777777777778,425,0.0783,27,0.0,1,3.0,1,0.52,1,15.697,0.3776,7.4,0.15,19,0.3685,0.0,40200,2010000,3216000,20100,214400.0,2686.9,7056.14,1128982.2,333802.5,89.1
mrdoob/three.js,https://github.com/mrdoob/three.js,JavaScript,112164,2010-03-23T18:58:01Z,1,1,160.0,17.391111111111112,8.015,359,0.4437,62,0.0,1,1.0,1,0.88,1,15.27,0.2273,12.58,0.19,69,0.3277,0.0,42441,2122050,3395280,21220,226352.0,6243.4,7469.73,1195156.1,354080.2,85.5
axios/axios,https://github.com/axios/axios,JavaScript,109029,2014-08-18T22:30:27Z,1,1,160.1,166.93402777777777,18.9775,440,0.1954,44,0.0,1,2.0,1,0.68,1,12.696,2.465,21.35,0.34,119,0.1247,0.0,1607,80350,128560,803,8570.7,73451.0,240.13,38420.8,34004.8,88.0
mui/material-ui,https://github.com/mui/material-ui,JavaScript,98227,2014-08-18T19:11:54Z,2,1,160.01,18.078055555555558,24.988194444444446,412,0.2571,60,0.0,1,1.0,1,0.7,1,11.377,1.5385,12.41,0.06,169,0.4126,0.0,19159,957950,1532720,9579,102181.3,7448.2,3240.57,518491.0,157023.3,87.3
microsoft/Web-Dev-For-Beginners,https://github.com/microsoft/Web-Dev-For-Beginners,JavaScript,95662,2020-11-10T02:44:00Z,1,1,160.0,3.9227777777777777,282.23527777777775,238,0.1385,65,0.0,1,1.0,1,0.44,0,10.69,0.6993,0.0,0.05,12,0.451,0.0,2440,122000,195200,1220,13013.3,933.6,372.3,59567.5,18700.2,83.5
sveltejs/svelte,https://github.com/sveltejs/svelte,JavaScript,86415,2016-11-20T18:13:05Z,2,1,160.0,4.631666666666667,38.8575,409,0.5263,81,0.0,1,1.0,1,0.08,0,13.285,-2.535,2.45,0.14,32,0.2814,0.0,9918,495900,793440,4959,52896.0,1894.4,1623.21,259713.8,78959.1,79.6
louislam/uptime-kuma,https://github.com/louislam/uptime-kuma,JavaScript,85853,2021-07-03T01:02:42Z,1,1,160.0,9.6125,3.879166666666667,397,0.4508,73,0.0,1,1.0,1,0.88,1,13.027,-2.1643,39.69,0.4,210,0.4405,0.0,6196,309800,495680,3098,33045.3,3816.2,990.48,158477.2,49363.0,85.4
anuraghazra/github-readme-stats,https://github.com/anuraghazra/github-readme-stats,JavaScript,79154,2020-07-09T10:34:22Z,26,1,160.0,5.060416666666667,180.38694444444445,300,0.2885,66,0.0,1,1.0,1,0.56,1,7.14,0.0,0.0,0.4,51,0.0013,0.0,1272,63600,101760,636,6784.0,1518.1,187.86,30058.1,9859.0,84.9
typicode/json-server,https://github.com/typicode/json-server,JavaScript,75563,2013-11-27T13:21:13Z,33,1,160.0,28.496388888888887,155.4125,81,0.8882,60,0.0,1,1.0,1,1.0,0,12.581,-0.6224,89.43,0.14,31,0.0826,0.0,1020,51000,81600,510,5440.0,2308.2,178.79,28606.3,9133.7,73.4
hakimel/reveal.js,https://github.com/hakimel/reveal.js,JavaScript,71065,2011-06-07T18:54:22Z,6,1,160.0,28.320833333333333,60.59,316,0.7905,51,0.0,1,3.5,1,0.96,1,15.187,-0.2273,109.5,0.15,70,0.5381,0.0,3260,163000,260800,1630,17386.7,8949.4,605.61,96896.8,30757.5,81.6
expressjs/express,https://github.com/expressjs/express,JavaScript,68976,2009-06-26T18:56:01Z,2,1,160.0,7.004166666666666,8.363055555555555,322,0.6525,24,0.0,1,1.0,1,0.54,1,17.302,-0.2168,154.76,0.21,53,0.0,0.0,5948,297400,475840,2974,31722.7,2255.3,948.9,151823.6,46902.7,83.3
chartjs/Chart.js,https://github.com/chartjs/Chart.js,JavaScript,67387,2013-03-17T23:56:36Z,10,1,160.04,22.280972222222225,47.001111111111115,426,0.337,34,0.0,1,2.0,1,0.36,1,11.799,0.0315,36.74,0.14,93,0.1114,0.0,4397,219850,351760,2198,23450.7,9491.7,690.95,110551.3,36683.1,85.8
juliangarnier/anime,https://github.com/juliangarnier/anime,JavaScript,67357,2016-03-13T21:37:45Z,71,1,160.0,177.48194444444442,149.93694444444444,53,0.9123,52,0.0,1,1.0,1,0.84,1,14.266,-0.0629,233.24,0.31,143,0.1719,0.0,878,43900,70240,439,4682.7,9406.5,152.75,24439.9,10051.3,73.1
leonardomso/33-js-concepts,https://github.com/leonardomso/33-js-concepts,JavaScript,66342,2018-09-04T13:27:04Z,14,1,160.16,4.451388888888889,1947.8038888888889,196,0.7144,70,0.0,1,0.0,1,0.7442,1,11.732,-0.0455,0.0,0.17,32,0.0,0.0,991,49550,79280,495,5285.3,872.5,173.46,27752.9,8455.0,81.6
webpack/webpack,https://github.com/webpack/webpack,JavaScript,65785,2012-03-10T10:08:14Z,1,1,160.01,9.2775,17.496944444444445,390,0.5727,71,0.0,1,1.0,1,0.8,1,13.548,-0.8916,15.3,0.1,184,0.0329,0.0,16503,825150,1320240,8251,88016.0,3618.2,2770.58,443292.9,133752.0,84.2
gorhill/uBlock,https://github.com/gorhill/uBlock,JavaScript,62969,2015-04-01T17:51:11Z,1,1,160.0,2.3798611111111114,41.30444444444444,110,0.9529,46,0.0,1,1.0,1,0.96,0,15.193,0.4091,23.77,0.28,17,0.112,0.0,13766,688300,1101280,6883,73418.7,261.8,2748.27,439722.9,124732.5,75.4
lodash/lodash,https://github.com/lodash/lodash,JavaScript,61256,2012-04-07T04:11:46Z,3,1,160.0,2.535,11.121388888888887,219,0.8681,34,0.0,1,1.0,1,0.5,1,17.985,0.1503,1681.77,0.09,38,0.028,0.0,7566,378300,605280,3783,40352.0,555.2,1465.96,234552.8,67253.1,81.1
jgraph/drawio-desktop,https://github.com/jgraph/drawio-desktop,JavaScript,60681,2017-05-25T20:58:42Z,2,1,160.15,26.1825,49.223333333333336,14,0.754,23,0.0,1,1.0,1,0.88,0,13.182,0.1538,13.47,0.28,35,0.0498,0.0,1053,52650,84240,526,5616.0,366.6,184.87,29578.8,8833.7,72.8
jquery/jquery,https://github.com/jquery/jquery,JavaScript,59838,2009-04-03T15:20:14Z,4,1,160.03,139.57472222222222,7.6755555555555555,296,0.2703,11,0.0,1,1.0,1,0.88,1,16.657,0.028,154.51,0.19,140,0.0591,0.0,6341,317050,507280,3170,33818.7,41314.1,1014.83,162373.6,61778.3,87.0
Mintplex-Labs/anything-llm,https://github.com/Mintplex-Labs/anything-llm,JavaScript,58936,2023-06-04T02:29:14Z,1,1,160.0,7.768333333333333,10.063611111111111,191,0.6352,52,0.0,1,1.0,1,0.64,0,10.688,0.2867,16.19,0.03,54,0.0138,0.0,1938,96900,155040,969,10336.0,1483.8,292.32,46770.4,14967.2,78.6
h5bp/html5-boilerplate,https://github.com/h5bp/html5-boilerplate,JavaScript,57429,2010-01-24T18:03:24Z,3,1,160.0,56.68972222222222,0.7016666666666667,249,0.2134,25,0.0,1,1.0,1,0.88,1,14.153,0.2727,255.31,0.02,29,0.1591,0.0,1968,98400,157440,984,10496.0,14115.7,297.07,47530.9,18988.9,87.6
gsd-build/get-shit-done,https://github.com/gsd-build/get-shit-done,JavaScript,57079,2025-12-14T14:17:12Z,1,1,160.08,11.233888888888888,7.783333333333333,126,0.4563,33,0.0,1,1.0,1,0.8,1,7.217,12.2762,2.43,0.59,34,0.3318,0.0,2069,103450,165520,1034,11034.7,1415.5,313.1,50095.4,15961.1,85.4
gatsbyjs/gatsby,https://github.com/gatsbyjs/gatsby,JavaScript,55957,2015-05-21T22:43:05Z,1,1,160.01,7.275555555555556,171.0223611111111,413,0.2265,70,0.0,1,1.0,1,0.52,0,13.906,-0.6608,74.94,0.0,113,0.4104,0.0,14133,706650,1130640,7066,75376.0,3004.8,2354.38,376700.2,113929.5,82.7
marktext/marktext,https://github.com/marktext/marktext,JavaScript,55484,2017-11-12T16:05:25Z,53,1,160.0,7.2787500000000005,931.2605555555556,140,0.63,94,0.0,1,1.0,1,0.0769,1,10.937,-0.0315,81.18,0.42,146,0.2338,0.0,1546,77300,123680,773,8245.3,1019.0,230.57,36890.9,11806.5,79.3
mozilla/pdf.js,https://github.com/mozilla/pdf.js,JavaScript,53187,2011-04-26T06:32:03Z,1,1,160.01,1.3702777777777777,2.674722222222222,382,0.2999,71,0.0,1,1.0,1,0.98,1,13.767,0.9545,17.12,0.25,44,0.2955,0.0,21585,1079250,1726800,10792,115120.0,523.4,3672.73,587637.3,175244.5,86.9
TryGhost/Ghost,https://github.com/TryGhost/Ghost,JavaScript,52647,2013-05-04T11:09:13Z,1,1,160.0,9.020277777777778,14.092222222222222,370,0.1304,82,0.0,1,2.0,1,0.8,0,14.427,0.3671,2.08,0.08,137,0.3925,0.0,39378,1968900,3150240,19689,210016.0,3337.5,6904.72,1104755.2,326960.3,83.6
prettier/prettier,https://github.com/prettier/prettier,JavaScript,51820,2016-11-29T17:13:37Z,5,1,160.0,4.4752777777777775,29.215694444444445,428,0.3888,80,0.0,1,1.0,1,0.48,1,12.046,0.1923,44.92,0.25,179,0.1661,0.0,6914,345700,553120,3457,36874.7,1915.4,1111.34,177813.8,54574.7,85.7
chinese-poetry/chinese-poetry,https://github.com/chinese-poetry/chinese-poetry,JavaScript,51313,2016-09-02T03:32:25Z,13,1,160.0,13.01125,191.19416666666666,62,0.4764,66,0.0,1,0.0,1,0.625,0,11.305,0.0,0.0,0.35,0,0.2291,0.0,592,29600,47360,296,3157.3,806.7,84.15,13464.4,4513.5,73.0
poteto/hiring-without-whiteboards,https://github.com/poteto/hiring-without-whiteboards,JavaScript,50575,2017-03-15T05:09:01Z,58,1,160.0,1.467638888888889,0.0,421,0.186,62,0.0,1,1.0,1,0.0,0,10.075,-0.035,0.0,0.01,27,0.0,0.0,914,45700,73120,457,4874.7,617.9,132.78,21244.3,6871.6,77.0
iamkun/dayjs,https://github.com/iamkun/dayjs,JavaScript,48630,2018-04-10T09:26:44Z,8,1,160.1,1.475,92.4961111111111,335,0.6135,62,0.0,1,1.0,1,0.6,1,10.175,0.035,81.9,0.12,51,0.0,0.0,1591,79550,127280,795,8485.3,494.1,237.62,38019.2,11994.7,83.2
bigskysoftware/htmx,https://github.com/bigskysoftware/htmx,JavaScript,47892,2020-04-13T16:17:51Z,2,1,160.0,33.12138888888889,74.25208333333333,442,0.5,73,0.0,1,1.0,1,0.84,1,13.987,0.7378,50.77,0.2,70,0.0793,0.0,2444,122200,195520,1222,13034.7,14639.7,372.94,59670.0,22843.3,84.8
typescript-cheatsheets/react,https://github.com/typescript-cheatsheets/react,JavaScript,47032,2018-06-02T04:08:16Z,72,1,160.19,9.832638888888889,123.95555555555555,184,0.5378,84,0.0,1,1.0,1,0.5,0,11.041,-0.0315,0.0,0.29,21,0.0615,0.0,833,41650,66640,416,4442.7,1809.2,120.45,19272.0,6618.5,71.1
serverless/serverless,https://github.com/serverless/serverless,JavaScript,46919,2015-04-21T03:48:40Z,4,1,160.01,6.1075,27.34236111111111,350,0.2119,51,0.0,1,1.0,1,0.78,0,14.605,-0.2063,8.24,0.02,17,0.0418,0.0,14039,701950,1123120,7019,74874.7,2137.6,2337.94,374069.9,112892.6,82.5
ZhuLinsen/daily_stock_analysis,https://github.com/ZhuLinsen/daily_stock_analysis,Python,31614,2026-01-10T06:43:20Z,0,1,160.32,8.416666666666666,102.6325,62,0.4438,27,0.0,1,2.0,1,0.88,1,6.727,-0.8147,4.58,0.3,63,0.2068,0.0,507,25350,40560,253,2704.0,521.8,71.51,11442.2,3797.0,78.2
Asabeneh/30-Days-Of-JavaScript,https://github.com/Asabeneh/30-Days-Of-JavaScript,JavaScript,46278,2019-12-23T14:07:40Z,141,1,160.0,3.595,99.04055555555556,41,0.658,37,0.0,1,1.0,0,0.0,0,10.918,0.0,0.0,0.3,0,0.0181,0.0,576,28800,46080,288,3072.0,147.4,81.77,13082.6,4196.7,50.3
microsoft/monaco-editor,https://github.com/microsoft/monaco-editor,JavaScript,45910,2016-06-07T16:56:31Z,2,1,160.05,80.3086111111111,175.51041666666666,284,0.5082,72,0.0,1,1.0,1,0.66,1,12.642,0.8601,9.69,0.0,78,0.4312,0.0,3351,167550,268080,1675,17872.0,22807.6,519.47,83115.7,32401.4,84.8
bmad-code-org/BMAD-METHOD,https://github.com/bmad-code-org/BMAD-METHOD,JavaScript,45741,2025-04-13T14:54:25Z,0,1,160.0,7.5633333333333335,94.13944444444445,128,0.4236,60,0.0,1,1.0,1,0.98,1,12.534,-1.2273,13.11,0.31,71,0.1307,0.0,942,47100,75360,471,5024.0,968.1,137.05,21928.2,7188.1,84.9
LeCoupa/awesome-cheatsheets,https://github.com/LeCoupa/awesome-cheatsheets,JavaScript,45707,2017-11-09T02:47:15Z,14,1,160.0,9.415833333333333,97.64472222222223,135,0.7032,83,0.0,1,1.0,1,0.0,0,13.418,0.1748,0.0,0.31,0,0.514,0.0,748,37400,59840,374,3989.3,1271.1,129.09,20655.1,6507.0,73.0
google/zx,https://github.com/google/zx,JavaScript,45423,2021-05-05T05:50:01Z,6,1,160.16,9.649305555555557,262.2786111111111,70,0.4966,48,0.0,1,1.0,1,0.36,1,14.311,-0.3706,10.45,0.24,128,0.3597,0.0,1015,50750,81200,507,5413.3,675.5,148.22,23715.9,7652.5,84.5
Leaflet/Leaflet,https://github.com/Leaflet/Leaflet,JavaScript,44928,2010-09-22T16:57:44Z,6,1,160.0,12.564166666666667,29.044027777777778,379,0.5448,77,0.0,1,1.0,1,0.8,1,16.165,0.3427,162.41,0.1,41,0.135,0.0,6788,339400,543040,3394,36202.7,4761.8,1090.08,174412.9,54412.5,84.1
meteor/meteor,https://github.com/meteor/meteor,JavaScript,44766,2012-01-19T01:58:17Z,1,1,160.01,46.45388888888889,107.32569444444445,357,0.129,9,0.0,1,1.0,1,0.66,0,13.573,2.2867,0.0,0.02,49,0.0899,0.0,30829,1541450,2466320,15414,164421.3,16584.0,5339.95,854391.9,258064.2,83.6
sudheerj/reactjs-interview-questions,https://github.com/sudheerj/reactjs-interview-questions,JavaScript,44529,2018-05-31T17:17:01Z,11,1,160.27,8.291944444444445,89.70722222222223,117,0.6694,79,0.0,1,0.0,1,0.32,0,12.713,-0.028,0.0,0.28,0,0.041,0.0,599,29950,47920,299,3194.7,970.2,85.2,13631.6,4614.7,71.4
parcel-bundler/parcel,https://github.com/parcel-bundler/parcel,JavaScript,44034,2017-08-07T16:36:47Z,0,1,160.05,16.00861111111111,481.5554166666667,405,0.3097,68,0.0,1,2.0,1,0.7,0,15.286,-0.0769,53.41,0.46,87,0.1999,0.0,3019,150950,241520,1509,16101.3,6483.5,465.57,74491.4,24894.0,81.9
